### FILE: EumnuMapDataV143.json (FULL MAP DATA JSON)

{
  "version": 143,
  "geometryRevision": "v143-eumnu-water-reclaim-lake-channel-split",
  "sourceMask": {
    "file": "493248ae-69a9-43c6-ad53-c097225ec885.png",
    "contentBoundsPx": [
      0,
      16,
      420,
      412
    ],
    "worldBounds": [
      763.5,
      0,
      1120,
      348
    ],
    "rule": "v142 classified coverage + v143 authoritative reclaim of original GEOGRAPHY.rivers lake/channel bodies",
    "colors": {
      "숙신 고토": "#8c00ff",
      "연해주 남부": "#fb65ff",
      "연해주 북부": "#f87f63",
      "읍루 동해안": "#11830e",
      "Sea": "#000aff"
    }
  },
  "removedExpansionTerritories": [
    {
      "id": "eumnu_far_northeast",
      "name": "읍루 극동 북부"
    },
    {
      "id": "eumnu_far_east_north",
      "name": "읍루 동북 해안"
    },
    {
      "id": "eumnu_far_east_central",
      "name": "읍루 극동 중부"
    }
  ],
  "baseTerritoryOverrides": {
    "연해주 북부": {
      "x": 1011.36,
      "y": 61.09,
      "coordinates": [
        [
          951.94,
          110.73
        ],
        [
          960.42,
          110.73
        ],
        [
          962.12,
          115.12
        ],
        [
          966.37,
          116.88
        ],
        [
          969.76,
          116.88
        ],
        [
          971.46,
          118.64
        ],
        [
          975.7,
          118.64
        ],
        [
          975.7,
          119.52
        ],
        [
          995.23,
          119.52
        ],
        [
          996.07,
          121.27
        ],
        [
          1007.96,
          121.27
        ],
        [
          1013.05,
          116.88
        ],
        [
          1015.6,
          116.88
        ],
        [
          1024.08,
          106.33
        ],
        [
          1026.63,
          106.33
        ],
        [
          1028.33,
          103.7
        ],
        [
          1034.27,
          101.94
        ],
        [
          1043.61,
          91.39
        ],
        [
          1050.4,
          87.0
        ],
        [
          1052.94,
          84.36
        ],
        [
          1056.34,
          77.33
        ],
        [
          1056.34,
          67.67
        ],
        [
          1057.19,
          67.67
        ],
        [
          1057.19,
          51.85
        ],
        [
          1058.89,
          46.58
        ],
        [
          1062.28,
          43.94
        ],
        [
          1064.83,
          37.79
        ],
        [
          1067.37,
          36.03
        ],
        [
          1068.22,
          32.52
        ],
        [
          1072.47,
          29.0
        ],
        [
          1072.47,
          21.09
        ],
        [
          1073.32,
          21.09
        ],
        [
          1073.32,
          0.88
        ],
        [
          985.89,
          0.88
        ],
        [
          984.19,
          1.76
        ],
        [
          984.19,
          12.3
        ],
        [
          978.25,
          14.94
        ],
        [
          974.0,
          21.09
        ],
        [
          972.31,
          21.09
        ],
        [
          971.46,
          30.76
        ],
        [
          972.31,
          30.76
        ],
        [
          972.31,
          45.7
        ],
        [
          969.76,
          48.33
        ],
        [
          969.76,
          52.73
        ],
        [
          968.06,
          52.73
        ],
        [
          968.06,
          58.88
        ],
        [
          965.52,
          60.64
        ],
        [
          965.52,
          65.91
        ],
        [
          963.82,
          65.91
        ],
        [
          963.82,
          70.3
        ],
        [
          961.16,
          72.67
        ],
        [
          961.0,
          73.12
        ],
        [
          961.38,
          72.03
        ],
        [
          961.5,
          71.0
        ],
        [
          961.41,
          70.0
        ],
        [
          961.12,
          69.0
        ],
        [
          960.66,
          68.0
        ],
        [
          960.0,
          67.0
        ],
        [
          959.47,
          66.09
        ],
        [
          959.38,
          65.38
        ],
        [
          959.72,
          64.84
        ],
        [
          960.5,
          64.5
        ],
        [
          961.41,
          64.22
        ],
        [
          962.12,
          63.88
        ],
        [
          962.66,
          63.47
        ],
        [
          963.0,
          63.0
        ],
        [
          963.2,
          62.48
        ],
        [
          963.31,
          61.94
        ],
        [
          963.33,
          61.36
        ],
        [
          963.25,
          60.75
        ],
        [
          963.08,
          60.27
        ],
        [
          962.81,
          60.06
        ],
        [
          962.45,
          60.14
        ],
        [
          962.0,
          60.5
        ],
        [
          961.47,
          60.94
        ],
        [
          960.88,
          61.25
        ],
        [
          960.22,
          61.44
        ],
        [
          959.5,
          61.5
        ],
        [
          958.8,
          61.55
        ],
        [
          958.19,
          61.69
        ],
        [
          957.67,
          61.92
        ],
        [
          957.25,
          62.25
        ],
        [
          956.95,
          62.7
        ],
        [
          956.81,
          63.31
        ],
        [
          956.83,
          64.08
        ],
        [
          957.0,
          65.0
        ],
        [
          957.28,
          65.94
        ],
        [
          957.62,
          66.75
        ],
        [
          958.03,
          67.44
        ],
        [
          958.5,
          68.0
        ],
        [
          958.94,
          68.53
        ],
        [
          959.25,
          69.12
        ],
        [
          959.44,
          69.78
        ],
        [
          959.5,
          70.5
        ],
        [
          959.41,
          71.25
        ],
        [
          959.12,
          72.0
        ],
        [
          958.66,
          72.75
        ],
        [
          958.0,
          73.5
        ],
        [
          957.34,
          74.28
        ],
        [
          956.88,
          75.12
        ],
        [
          956.59,
          76.03
        ],
        [
          956.5,
          77.0
        ],
        [
          956.45,
          77.92
        ],
        [
          956.46,
          77.78
        ],
        [
          956.18,
          78.21
        ],
        [
          951.67,
          81.13
        ],
        [
          951.67,
          81.13
        ],
        [
          951.5,
          81.0
        ],
        [
          951.23,
          80.8
        ],
        [
          950.94,
          80.69
        ],
        [
          950.61,
          80.67
        ],
        [
          950.25,
          80.75
        ],
        [
          949.89,
          80.92
        ],
        [
          949.56,
          81.19
        ],
        [
          949.27,
          81.55
        ],
        [
          949.0,
          82.0
        ],
        [
          948.83,
          82.48
        ],
        [
          948.81,
          82.94
        ],
        [
          948.95,
          83.36
        ],
        [
          949.25,
          83.75
        ],
        [
          949.61,
          84.05
        ],
        [
          949.39,
          83.87
        ],
        [
          949.39,
          84.99
        ],
        [
          949.5,
          85.06
        ],
        [
          950.0,
          85.5
        ],
        [
          950.45,
          85.92
        ],
        [
          950.81,
          86.19
        ],
        [
          951.08,
          86.3
        ],
        [
          951.25,
          86.25
        ],
        [
          951.39,
          86.08
        ],
        [
          951.56,
          85.81
        ],
        [
          951.77,
          85.45
        ],
        [
          952.0,
          85.0
        ],
        [
          952.0,
          87.44
        ],
        [
          951.16,
          87.84
        ],
        [
          950.0,
          88.0
        ],
        [
          948.91,
          88.09
        ],
        [
          948.12,
          88.38
        ],
        [
          947.66,
          88.84
        ],
        [
          947.5,
          89.5
        ],
        [
          947.47,
          90.19
        ],
        [
          947.38,
          90.75
        ],
        [
          947.22,
          91.19
        ],
        [
          947.0,
          91.5
        ],
        [
          946.81,
          91.88
        ],
        [
          946.75,
          92.5
        ],
        [
          946.81,
          93.38
        ],
        [
          947.0,
          94.5
        ],
        [
          947.12,
          95.59
        ],
        [
          947.0,
          96.38
        ],
        [
          946.62,
          96.84
        ],
        [
          946.0,
          97.0
        ],
        [
          945.41,
          97.03
        ],
        [
          945.12,
          97.12
        ],
        [
          945.16,
          97.28
        ],
        [
          945.5,
          97.5
        ],
        [
          945.88,
          97.81
        ],
        [
          946.0,
          98.25
        ],
        [
          945.88,
          98.81
        ],
        [
          945.5,
          99.5
        ],
        [
          945.12,
          100.25
        ],
        [
          945.0,
          101.0
        ],
        [
          945.12,
          101.75
        ],
        [
          945.5,
          102.5
        ],
        [
          945.94,
          103.25
        ],
        [
          946.25,
          104.0
        ],
        [
          946.44,
          104.75
        ],
        [
          946.5,
          105.5
        ],
        [
          946.44,
          106.25
        ],
        [
          946.27,
          106.91
        ],
        [
          946.84,
          108.09
        ],
        [
          949.39,
          108.09
        ]
      ],
      "path": ""
    },
    "숙신 고토": {
      "x": 980.94,
      "y": 172.33,
      "coordinates": [
        [
          945.99,
          108.09
        ],
        [
          945.99,
          107.62
        ],
        [
          945.94,
          107.75
        ],
        [
          946.25,
          107.0
        ],
        [
          946.44,
          106.25
        ],
        [
          946.5,
          105.5
        ],
        [
          946.44,
          104.75
        ],
        [
          946.25,
          104.0
        ],
        [
          945.94,
          103.25
        ],
        [
          945.5,
          102.5
        ],
        [
          945.12,
          101.75
        ],
        [
          945.0,
          101.0
        ],
        [
          945.12,
          100.25
        ],
        [
          945.5,
          99.5
        ],
        [
          945.88,
          98.81
        ],
        [
          946.0,
          98.25
        ],
        [
          945.88,
          97.81
        ],
        [
          945.5,
          97.5
        ],
        [
          945.16,
          97.28
        ],
        [
          945.12,
          97.12
        ],
        [
          945.41,
          97.03
        ],
        [
          946.0,
          97.0
        ],
        [
          946.62,
          96.84
        ],
        [
          947.0,
          96.38
        ],
        [
          947.12,
          95.59
        ],
        [
          947.0,
          94.5
        ],
        [
          946.81,
          93.38
        ],
        [
          946.75,
          92.5
        ],
        [
          946.81,
          91.88
        ],
        [
          947.0,
          91.5
        ],
        [
          947.22,
          91.19
        ],
        [
          947.38,
          90.75
        ],
        [
          947.47,
          90.19
        ],
        [
          947.5,
          89.5
        ],
        [
          947.66,
          88.84
        ],
        [
          948.12,
          88.38
        ],
        [
          948.91,
          88.09
        ],
        [
          950.0,
          88.0
        ],
        [
          951.16,
          87.84
        ],
        [
          952.0,
          87.44
        ],
        [
          952.0,
          85.0
        ],
        [
          951.77,
          85.45
        ],
        [
          951.56,
          85.81
        ],
        [
          951.39,
          86.08
        ],
        [
          951.25,
          86.25
        ],
        [
          951.08,
          86.3
        ],
        [
          950.81,
          86.19
        ],
        [
          950.45,
          85.92
        ],
        [
          950.0,
          85.5
        ],
        [
          949.5,
          85.06
        ],
        [
          949.0,
          84.75
        ],
        [
          948.5,
          84.56
        ],
        [
          948.0,
          84.5
        ],
        [
          947.5,
          84.56
        ],
        [
          947.0,
          84.75
        ],
        [
          946.5,
          85.06
        ],
        [
          946.0,
          85.5
        ],
        [
          945.39,
          85.95
        ],
        [
          944.56,
          86.31
        ],
        [
          943.52,
          86.58
        ],
        [
          942.25,
          86.75
        ],
        [
          941.19,
          86.88
        ],
        [
          940.75,
          87.0
        ],
        [
          940.94,
          87.12
        ],
        [
          941.75,
          87.25
        ],
        [
          942.75,
          87.41
        ],
        [
          943.5,
          87.62
        ],
        [
          944.0,
          87.91
        ],
        [
          944.25,
          88.25
        ],
        [
          944.33,
          88.61
        ],
        [
          944.31,
          88.94
        ],
        [
          944.2,
          89.23
        ],
        [
          944.0,
          89.5
        ],
        [
          943.78,
          89.84
        ],
        [
          943.62,
          90.38
        ],
        [
          943.53,
          91.09
        ],
        [
          943.5,
          92.0
        ],
        [
          943.41,
          92.94
        ],
        [
          943.12,
          93.75
        ],
        [
          942.66,
          94.44
        ],
        [
          942.0,
          95.0
        ],
        [
          941.34,
          95.53
        ],
        [
          940.88,
          96.12
        ],
        [
          940.59,
          96.78
        ],
        [
          940.5,
          97.5
        ],
        [
          940.52,
          98.17
        ],
        [
          940.56,
          98.69
        ],
        [
          940.64,
          99.05
        ],
        [
          940.75,
          99.25
        ],
        [
          940.89,
          99.33
        ],
        [
          941.06,
          99.31
        ],
        [
          941.27,
          99.2
        ],
        [
          941.5,
          99.0
        ],
        [
          941.73,
          98.83
        ],
        [
          941.94,
          98.81
        ],
        [
          942.11,
          98.95
        ],
        [
          942.25,
          99.25
        ],
        [
          942.3,
          99.67
        ],
        [
          942.19,
          100.19
        ],
        [
          941.92,
          100.8
        ],
        [
          941.5,
          101.5
        ],
        [
          941.16,
          102.19
        ],
        [
          941.12,
          102.75
        ],
        [
          941.41,
          103.19
        ],
        [
          942.0,
          103.5
        ],
        [
          942.56,
          103.75
        ],
        [
          942.75,
          104.0
        ],
        [
          942.56,
          104.25
        ],
        [
          942.37,
          104.34
        ],
        [
          941.75,
          103.7
        ],
        [
          939.2,
          101.94
        ],
        [
          934.96,
          101.94
        ],
        [
          934.96,
          104.58
        ],
        [
          930.72,
          106.33
        ],
        [
          926.47,
          112.48
        ],
        [
          923.92,
          112.48
        ],
        [
          923.08,
          115.12
        ],
        [
          923.08,
          125.67
        ],
        [
          920.53,
          128.3
        ],
        [
          921.38,
          131.82
        ],
        [
          925.62,
          131.82
        ],
        [
          927.32,
          133.58
        ],
        [
          927.32,
          148.52
        ],
        [
          921.38,
          155.55
        ],
        [
          920.53,
          159.06
        ],
        [
          917.13,
          163.45
        ],
        [
          917.13,
          171.36
        ],
        [
          914.59,
          173.12
        ],
        [
          914.59,
          175.76
        ],
        [
          910.34,
          177.52
        ],
        [
          910.34,
          182.79
        ],
        [
          907.8,
          184.55
        ],
        [
          899.31,
          184.55
        ],
        [
          895.07,
          181.03
        ],
        [
          894.49,
          177.41
        ],
        [
          894.61,
          177.23
        ],
        [
          894.94,
          176.94
        ],
        [
          895.23,
          176.86
        ],
        [
          895.5,
          177.0
        ],
        [
          895.77,
          177.17
        ],
        [
          896.06,
          177.19
        ],
        [
          896.39,
          177.05
        ],
        [
          896.75,
          176.75
        ],
        [
          897.03,
          176.38
        ],
        [
          897.12,
          176.0
        ],
        [
          897.03,
          175.62
        ],
        [
          896.75,
          175.25
        ],
        [
          896.39,
          174.95
        ],
        [
          896.06,
          174.81
        ],
        [
          895.77,
          174.83
        ],
        [
          895.5,
          175.0
        ],
        [
          895.27,
          175.2
        ],
        [
          895.06,
          175.31
        ],
        [
          894.89,
          175.33
        ],
        [
          894.75,
          175.25
        ],
        [
          894.69,
          175.09
        ],
        [
          894.75,
          174.88
        ],
        [
          894.94,
          174.59
        ],
        [
          895.25,
          174.25
        ],
        [
          895.64,
          173.98
        ],
        [
          896.06,
          173.94
        ],
        [
          896.52,
          174.11
        ],
        [
          897.0,
          174.5
        ],
        [
          897.48,
          174.89
        ],
        [
          897.94,
          175.06
        ],
        [
          898.36,
          175.02
        ],
        [
          898.75,
          174.75
        ],
        [
          899.05,
          174.36
        ],
        [
          899.19,
          173.94
        ],
        [
          899.17,
          173.48
        ],
        [
          899.0,
          173.0
        ],
        [
          898.81,
          172.53
        ],
        [
          898.75,
          172.12
        ],
        [
          898.81,
          171.78
        ],
        [
          899.0,
          171.5
        ],
        [
          899.19,
          171.25
        ],
        [
          899.25,
          171.0
        ],
        [
          899.19,
          170.75
        ],
        [
          899.0,
          170.5
        ],
        [
          898.8,
          170.27
        ],
        [
          898.69,
          170.06
        ],
        [
          898.67,
          169.89
        ],
        [
          898.75,
          169.75
        ],
        [
          898.89,
          169.67
        ],
        [
          899.06,
          169.69
        ],
        [
          899.27,
          169.8
        ],
        [
          899.5,
          170.0
        ],
        [
          899.77,
          170.17
        ],
        [
          900.06,
          170.19
        ],
        [
          900.39,
          170.05
        ],
        [
          900.75,
          169.75
        ],
        [
          901.05,
          169.36
        ],
        [
          901.19,
          168.94
        ],
        [
          901.17,
          168.48
        ],
        [
          901.0,
          168.0
        ],
        [
          900.83,
          167.52
        ],
        [
          900.81,
          167.06
        ],
        [
          900.95,
          166.64
        ],
        [
          901.25,
          166.25
        ],
        [
          901.59,
          165.94
        ],
        [
          901.88,
          165.75
        ],
        [
          902.09,
          165.69
        ],
        [
          902.25,
          165.75
        ],
        [
          902.33,
          165.89
        ],
        [
          902.31,
          166.06
        ],
        [
          902.2,
          166.27
        ],
        [
          902.0,
          166.5
        ],
        [
          901.83,
          166.77
        ],
        [
          901.81,
          167.06
        ],
        [
          901.95,
          167.39
        ],
        [
          902.25,
          167.75
        ],
        [
          902.66,
          168.03
        ],
        [
          903.12,
          168.12
        ],
        [
          903.66,
          168.03
        ],
        [
          904.25,
          167.75
        ],
        [
          904.7,
          167.33
        ],
        [
          904.81,
          166.81
        ],
        [
          904.58,
          166.2
        ],
        [
          904.0,
          165.5
        ],
        [
          903.41,
          164.84
        ],
        [
          903.12,
          164.38
        ],
        [
          903.16,
          164.09
        ],
        [
          903.5,
          164.0
        ],
        [
          903.97,
          163.88
        ],
        [
          904.38,
          163.5
        ],
        [
          904.72,
          162.88
        ],
        [
          905.0,
          162.0
        ],
        [
          905.28,
          161.09
        ],
        [
          905.62,
          160.38
        ],
        [
          906.03,
          159.84
        ],
        [
          906.5,
          159.5
        ],
        [
          906.91,
          159.25
        ],
        [
          907.12,
          159.0
        ],
        [
          907.16,
          158.75
        ],
        [
          907.0,
          158.5
        ],
        [
          906.78,
          158.12
        ],
        [
          906.62,
          157.5
        ],
        [
          906.53,
          156.62
        ],
        [
          906.5,
          155.5
        ],
        [
          906.47,
          154.38
        ],
        [
          906.38,
          153.5
        ],
        [
          906.22,
          152.88
        ],
        [
          906.0,
          152.5
        ],
        [
          905.78,
          152.16
        ],
        [
          905.62,
          151.62
        ],
        [
          905.53,
          150.91
        ],
        [
          905.5,
          150.0
        ],
        [
          905.47,
          149.06
        ],
        [
          905.38,
          148.25
        ],
        [
          905.22,
          147.56
        ],
        [
          905.0,
          147.0
        ],
        [
          904.53,
          146.34
        ],
        [
          903.62,
          145.38
        ],
        [
          902.28,
          144.09
        ],
        [
          900.5,
          142.5
        ],
        [
          898.86,
          140.98
        ],
        [
          897.94,
          139.94
        ],
        [
          897.73,
          139.36
        ],
        [
          898.25,
          139.25
        ],
        [
          899.11,
          139.27
        ],
        [
          899.94,
          139.06
        ],
        [
          900.73,
          138.64
        ],
        [
          901.5,
          138.0
        ],
        [
          902.23,
          137.33
        ],
        [
          902.94,
          136.81
        ],
        [
          903.61,
          136.45
        ],
        [
          904.25,
          136.25
        ],
        [
          904.78,
          136.09
        ],
        [
          905.12,
          135.88
        ],
        [
          905.28,
          135.59
        ],
        [
          905.25,
          135.25
        ],
        [
          905.02,
          134.98
        ],
        [
          904.56,
          134.94
        ],
        [
          903.89,
          135.11
        ],
        [
          903.0,
          135.5
        ],
        [
          901.88,
          135.81
        ],
        [
          900.5,
          135.75
        ],
        [
          898.88,
          135.31
        ],
        [
          897.0,
          134.5
        ],
        [
          895.16,
          133.62
        ],
        [
          893.62,
          133.0
        ],
        [
          892.41,
          132.62
        ],
        [
          891.5,
          132.5
        ],
        [
          890.69,
          132.41
        ],
        [
          889.75,
          132.12
        ],
        [
          888.69,
          131.66
        ],
        [
          887.5,
          131.0
        ],
        [
          886.09,
          130.31
        ],
        [
          884.38,
          129.75
        ],
        [
          882.34,
          129.31
        ],
        [
          880.0,
          129.0
        ],
        [
          877.8,
          128.86
        ],
        [
          876.19,
          128.94
        ],
        [
          873.85,
          127.42
        ],
        [
          872.15,
          123.03
        ],
        [
          867.9,
          123.03
        ],
        [
          867.9,
          120.39
        ],
        [
          859.42,
          120.39
        ],
        [
          857.72,
          116.88
        ],
        [
          853.47,
          116.88
        ],
        [
          848.38,
          118.64
        ],
        [
          846.68,
          121.27
        ],
        [
          843.29,
          122.15
        ],
        [
          841.59,
          124.79
        ],
        [
          839.04,
          124.79
        ],
        [
          836.5,
          127.42
        ],
        [
          828.86,
          127.42
        ],
        [
          828.86,
          129.18
        ],
        [
          817.82,
          129.18
        ],
        [
          816.98,
          131.82
        ],
        [
          811.88,
          131.82
        ],
        [
          808.49,
          133.58
        ],
        [
          808.49,
          136.21
        ],
        [
          804.24,
          137.09
        ],
        [
          804.24,
          144.12
        ],
        [
          805.94,
          144.12
        ],
        [
          806.79,
          148.52
        ],
        [
          806.79,
          159.06
        ],
        [
          805.94,
          161.7
        ],
        [
          808.49,
          161.7
        ],
        [
          808.49,
          165.21
        ],
        [
          811.03,
          169.61
        ],
        [
          811.03,
          177.52
        ],
        [
          810.18,
          177.52
        ],
        [
          810.18,
          187.18
        ],
        [
          811.88,
          190.7
        ],
        [
          811.88,
          205.64
        ],
        [
          814.43,
          210.03
        ],
        [
          816.13,
          210.03
        ],
        [
          818.67,
          214.42
        ],
        [
          820.37,
          214.42
        ],
        [
          820.37,
          218.82
        ],
        [
          822.07,
          223.21
        ],
        [
          827.16,
          221.45
        ],
        [
          837.35,
          221.45
        ],
        [
          839.89,
          224.97
        ],
        [
          850.08,
          224.97
        ],
        [
          852.62,
          229.36
        ],
        [
          856.02,
          231.12
        ],
        [
          864.51,
          232.0
        ],
        [
          869.6,
          235.52
        ],
        [
          869.6,
          239.03
        ],
        [
          873.85,
          241.67
        ],
        [
          873.85,
          244.3
        ],
        [
          879.79,
          246.06
        ],
        [
          879.79,
          254.85
        ],
        [
          878.09,
          254.85
        ],
        [
          878.09,
          261.0
        ],
        [
          896.76,
          261.0
        ],
        [
          896.76,
          259.24
        ],
        [
          899.31,
          259.24
        ],
        [
          900.16,
          258.36
        ],
        [
          902.7,
          256.61
        ],
        [
          905.25,
          254.85
        ],
        [
          911.19,
          254.85
        ],
        [
          912.04,
          253.09
        ],
        [
          917.13,
          253.09
        ],
        [
          917.13,
          252.21
        ],
        [
          921.38,
          252.21
        ],
        [
          923.08,
          250.45
        ],
        [
          927.32,
          250.45
        ],
        [
          927.32,
          248.7
        ],
        [
          929.87,
          248.7
        ],
        [
          929.87,
          247.82
        ],
        [
          931.56,
          247.82
        ],
        [
          933.26,
          246.06
        ],
        [
          937.51,
          244.3
        ],
        [
          940.9,
          243.42
        ],
        [
          940.9,
          242.55
        ],
        [
          943.45,
          242.55
        ],
        [
          943.45,
          241.67
        ],
        [
          945.99,
          240.79
        ],
        [
          945.99,
          239.91
        ],
        [
          949.39,
          239.91
        ],
        [
          950.24,
          238.15
        ],
        [
          959.58,
          238.15
        ],
        [
          959.58,
          237.27
        ],
        [
          962.12,
          237.27
        ],
        [
          962.97,
          235.52
        ],
        [
          967.21,
          235.52
        ],
        [
          968.06,
          234.64
        ],
        [
          968.06,
          233.76
        ],
        [
          970.61,
          233.76
        ],
        [
          970.61,
          232.88
        ],
        [
          972.31,
          232.88
        ],
        [
          972.31,
          232.0
        ],
        [
          974.85,
          232.0
        ],
        [
          974.85,
          231.12
        ],
        [
          976.55,
          231.12
        ],
        [
          978.25,
          229.36
        ],
        [
          983.34,
          227.61
        ],
        [
          983.34,
          226.73
        ],
        [
          985.04,
          226.73
        ],
        [
          985.04,
          223.21
        ],
        [
          987.59,
          223.21
        ],
        [
          992.68,
          218.82
        ],
        [
          998.62,
          217.06
        ],
        [
          1004.56,
          212.67
        ],
        [
          1007.11,
          212.67
        ],
        [
          1013.05,
          208.27
        ],
        [
          1023.24,
          203.88
        ],
        [
          1024.08,
          202.12
        ],
        [
          1035.97,
          197.73
        ],
        [
          1041.91,
          187.18
        ],
        [
          1044.46,
          178.39
        ],
        [
          1046.15,
          178.39
        ],
        [
          1046.15,
          158.18
        ],
        [
          1044.46,
          155.55
        ],
        [
          1044.46,
          133.58
        ],
        [
          1046.15,
          133.58
        ],
        [
          1046.15,
          130.94
        ],
        [
          1050.4,
          127.42
        ],
        [
          1054.64,
          125.67
        ],
        [
          1056.34,
          123.03
        ],
        [
          1056.34,
          97.55
        ],
        [
          1057.19,
          97.55
        ],
        [
          1057.19,
          84.36
        ],
        [
          1055.49,
          83.48
        ],
        [
          1052.1,
          88.76
        ],
        [
          1050.4,
          88.76
        ],
        [
          1046.15,
          94.91
        ],
        [
          1040.21,
          97.55
        ],
        [
          1040.21,
          99.3
        ],
        [
          1035.97,
          101.94
        ],
        [
          1033.42,
          105.45
        ],
        [
          1030.03,
          106.33
        ],
        [
          1024.08,
          111.61
        ],
        [
          1019.84,
          116.88
        ],
        [
          1018.14,
          116.88
        ],
        [
          1014.75,
          121.27
        ],
        [
          1008.81,
          123.91
        ],
        [
          999.47,
          123.91
        ],
        [
          995.23,
          121.27
        ],
        [
          978.25,
          121.27
        ],
        [
          972.31,
          120.39
        ],
        [
          972.31,
          118.64
        ],
        [
          968.06,
          118.64
        ],
        [
          968.06,
          116.88
        ],
        [
          963.82,
          116.88
        ],
        [
          962.12,
          115.12
        ],
        [
          958.73,
          112.48
        ],
        [
          952.78,
          110.73
        ],
        [
          950.24,
          110.73
        ],
        [
          947.69,
          108.09
        ]
      ],
      "path": ""
    },
    "연해주 남부": {
      "x": 996.92,
      "y": 246.94,
      "coordinates": [
        [
          985.04,
          226.73
        ],
        [
          983.34,
          227.61
        ],
        [
          981.64,
          229.36
        ],
        [
          978.25,
          229.36
        ],
        [
          978.25,
          231.12
        ],
        [
          975.7,
          231.12
        ],
        [
          975.7,
          232.0
        ],
        [
          974.0,
          232.0
        ],
        [
          974.0,
          232.88
        ],
        [
          971.46,
          232.88
        ],
        [
          971.46,
          233.76
        ],
        [
          968.91,
          233.76
        ],
        [
          968.06,
          234.64
        ],
        [
          968.06,
          235.52
        ],
        [
          963.82,
          235.52
        ],
        [
          963.82,
          237.27
        ],
        [
          960.42,
          237.27
        ],
        [
          960.42,
          238.15
        ],
        [
          954.48,
          238.15
        ],
        [
          951.09,
          239.91
        ],
        [
          946.84,
          239.91
        ],
        [
          945.99,
          240.79
        ],
        [
          945.99,
          241.67
        ],
        [
          943.45,
          241.67
        ],
        [
          943.45,
          242.55
        ],
        [
          940.9,
          243.42
        ],
        [
          940.9,
          244.3
        ],
        [
          937.51,
          244.3
        ],
        [
          937.51,
          246.06
        ],
        [
          933.26,
          246.06
        ],
        [
          933.26,
          247.82
        ],
        [
          930.72,
          247.82
        ],
        [
          930.72,
          248.7
        ],
        [
          929.02,
          248.7
        ],
        [
          927.32,
          250.45
        ],
        [
          923.92,
          252.21
        ],
        [
          919.68,
          252.21
        ],
        [
          919.68,
          253.09
        ],
        [
          915.44,
          253.09
        ],
        [
          912.89,
          254.85
        ],
        [
          906.95,
          254.85
        ],
        [
          902.7,
          256.61
        ],
        [
          902.7,
          258.36
        ],
        [
          900.16,
          258.36
        ],
        [
          900.16,
          259.24
        ],
        [
          898.46,
          259.24
        ],
        [
          896.76,
          261.0
        ],
        [
          878.09,
          261.0
        ],
        [
          878.09,
          280.33
        ],
        [
          879.79,
          282.09
        ],
        [
          884.03,
          282.09
        ],
        [
          885.73,
          286.48
        ],
        [
          891.67,
          287.36
        ],
        [
          894.22,
          286.48
        ],
        [
          896.76,
          286.48
        ],
        [
          899.31,
          286.48
        ],
        [
          901.86,
          286.48
        ],
        [
          901.86,
          289.12
        ],
        [
          902.7,
          290.88
        ],
        [
          901.86,
          297.03
        ],
        [
          900.16,
          299.67
        ],
        [
          900.16,
          311.97
        ],
        [
          910.34,
          311.97
        ],
        [
          912.89,
          316.36
        ],
        [
          917.13,
          316.36
        ],
        [
          917.13,
          314.61
        ],
        [
          921.38,
          314.61
        ],
        [
          923.92,
          313.73
        ],
        [
          926.47,
          315.48
        ],
        [
          926.47,
          318.12
        ],
        [
          935.81,
          318.12
        ],
        [
          937.51,
          320.76
        ],
        [
          939.2,
          322.52
        ],
        [
          947.69,
          322.52
        ],
        [
          949.39,
          320.76
        ],
        [
          955.33,
          320.76
        ],
        [
          957.03,
          319.0
        ],
        [
          962.12,
          318.12
        ],
        [
          963.82,
          316.36
        ],
        [
          966.37,
          316.36
        ],
        [
          970.61,
          313.73
        ],
        [
          974.0,
          311.97
        ],
        [
          976.55,
          307.58
        ],
        [
          979.95,
          305.82
        ],
        [
          989.28,
          305.82
        ],
        [
          990.98,
          304.06
        ],
        [
          998.62,
          303.18
        ],
        [
          999.47,
          301.42
        ],
        [
          1002.86,
          301.42
        ],
        [
          1003.71,
          299.67
        ],
        [
          1011.35,
          298.79
        ],
        [
          1015.6,
          297.03
        ],
        [
          1018.99,
          295.27
        ],
        [
          1019.84,
          294.39
        ],
        [
          1021.54,
          292.64
        ],
        [
          1022.39,
          290.88
        ],
        [
          1024.08,
          290.88
        ],
        [
          1024.08,
          289.12
        ],
        [
          1025.78,
          289.12
        ],
        [
          1025.78,
          286.48
        ],
        [
          1027.48,
          286.48
        ],
        [
          1028.33,
          282.97
        ],
        [
          1030.03,
          282.97
        ],
        [
          1030.03,
          280.33
        ],
        [
          1031.72,
          280.33
        ],
        [
          1033.42,
          277.7
        ],
        [
          1034.27,
          276.82
        ],
        [
          1035.12,
          275.94
        ],
        [
          1035.97,
          274.18
        ],
        [
          1038.51,
          269.79
        ],
        [
          1040.21,
          269.79
        ],
        [
          1040.21,
          268.03
        ],
        [
          1044.46,
          265.39
        ],
        [
          1047.0,
          261.88
        ],
        [
          1050.4,
          261.0
        ],
        [
          1054.64,
          256.61
        ],
        [
          1056.34,
          256.61
        ],
        [
          1058.89,
          253.09
        ],
        [
          1060.58,
          249.58
        ],
        [
          1060.58,
          246.06
        ],
        [
          1062.28,
          243.42
        ],
        [
          1063.13,
          239.91
        ],
        [
          1064.83,
          239.91
        ],
        [
          1066.53,
          236.39
        ],
        [
          1070.77,
          234.64
        ],
        [
          1070.77,
          232.0
        ],
        [
          1072.47,
          231.12
        ],
        [
          1075.01,
          229.36
        ],
        [
          1079.26,
          226.73
        ],
        [
          1080.95,
          224.97
        ],
        [
          1084.35,
          220.58
        ],
        [
          1085.2,
          219.7
        ],
        [
          1085.2,
          211.79
        ],
        [
          1087.75,
          208.27
        ],
        [
          1087.75,
          206.52
        ],
        [
          1089.44,
          206.52
        ],
        [
          1091.14,
          203.88
        ],
        [
          1095.38,
          203.88
        ],
        [
          1096.23,
          202.12
        ],
        [
          1101.33,
          201.24
        ],
        [
          1102.17,
          199.48
        ],
        [
          1096.23,
          195.09
        ],
        [
          1095.38,
          190.7
        ],
        [
          1080.95,
          190.7
        ],
        [
          1076.71,
          181.03
        ],
        [
          1075.01,
          180.15
        ],
        [
          1073.32,
          174.88
        ],
        [
          1070.77,
          172.24
        ],
        [
          1058.89,
          173.12
        ],
        [
          1058.89,
          174.0
        ],
        [
          1050.4,
          174.0
        ],
        [
          1050.4,
          181.91
        ],
        [
          1046.15,
          182.79
        ],
        [
          1041.91,
          195.09
        ],
        [
          1038.51,
          199.48
        ],
        [
          1035.12,
          199.48
        ],
        [
          1025.78,
          205.64
        ],
        [
          1023.24,
          205.64
        ],
        [
          1013.9,
          211.79
        ],
        [
          1005.41,
          214.42
        ],
        [
          1005.41,
          216.18
        ],
        [
          994.38,
          220.58
        ],
        [
          989.28,
          224.97
        ]
      ],
      "path": "M985.04,226.73L983.34,227.61L981.64,229.36L978.25,229.36L978.25,231.12L975.70,231.12L975.70,232.00L974.00,232.00L974.00,232.88L971.46,232.88L971.46,233.76L968.91,233.76L968.06,234.64L968.06,235.52L963.82,235.52L963.82,237.27L960.42,237.27L960.42,238.15L954.48,238.15L951.09,239.91L946.84,239.91L945.99,240.79L945.99,241.67L943.45,241.67L943.45,242.55L940.90,243.42L940.90,244.30L937.51,244.30L937.51,246.06L933.26,246.06L933.26,247.82L930.72,247.82L930.72,248.70L929.02,248.70L927.32,250.45L923.92,252.21L919.68,252.21L919.68,253.09L915.44,253.09L912.89,254.85L906.95,254.85L902.70,256.61L902.70,258.36L900.16,258.36L900.16,259.24L898.46,259.24L896.76,261.00L878.09,261.00L878.09,280.33L879.79,282.09L884.03,282.09L885.73,286.48L891.67,287.36L894.22,286.48L896.76,286.48L899.31,286.48L901.86,286.48L901.86,289.12L902.70,290.88L901.86,297.03L900.16,299.67L900.16,311.97L910.34,311.97L912.89,316.36L917.13,316.36L917.13,314.61L921.38,314.61L923.92,313.73L926.47,315.48L926.47,318.12L935.81,318.12L937.51,320.76L939.20,322.52L947.69,322.52L949.39,320.76L955.33,320.76L957.03,319.00L962.12,318.12L963.82,316.36L966.37,316.36L970.61,313.73L974.00,311.97L976.55,307.58L979.95,305.82L989.28,305.82L990.98,304.06L998.62,303.18L999.47,301.42L1002.86,301.42L1003.71,299.67L1011.35,298.79L1015.60,297.03L1018.99,295.27L1019.84,294.39L1021.54,292.64L1022.39,290.88L1024.08,290.88L1024.08,289.12L1025.78,289.12L1025.78,286.48L1027.48,286.48L1028.33,282.97L1030.03,282.97L1030.03,280.33L1031.72,280.33L1033.42,277.70L1034.27,276.82L1035.12,275.94L1035.97,274.18L1038.51,269.79L1040.21,269.79L1040.21,268.03L1044.46,265.39L1047.00,261.88L1050.40,261.00L1054.64,256.61L1056.34,256.61L1058.89,253.09L1060.58,249.58L1060.58,246.06L1062.28,243.42L1063.13,239.91L1064.83,239.91L1066.53,236.39L1070.77,234.64L1070.77,232.00L1072.47,231.12L1075.01,229.36L1079.26,226.73L1080.95,224.97L1084.35,220.58L1085.20,219.70L1085.20,211.79L1087.75,208.27L1087.75,206.52L1089.44,206.52L1091.14,203.88L1095.38,203.88L1096.23,202.12L1101.33,201.24L1102.17,199.48L1096.23,195.09L1095.38,190.70L1080.95,190.70L1076.71,181.03L1075.01,180.15L1073.32,174.88L1070.77,172.24L1058.89,173.12L1058.89,174.00L1050.40,174.00L1050.40,181.91L1046.15,182.79L1041.91,195.09L1038.51,199.48L1035.12,199.48L1025.78,205.64L1023.24,205.64L1013.90,211.79L1005.41,214.42L1005.41,216.18L994.38,220.58L989.28,224.97Z"
    }
  },
  "expansionTerritories": [
    {
      "id": "eumnu_far_east_coast",
      "name": "읍루 동해안",
      "x": 1090.29,
      "y": 87.0,
      "home": 7,
      "terrainType": "plain",
      "resources": [
        "wood"
      ],
      "coordinates": [
        [
          1046.15,
          133.58
        ],
        [
          1046.15,
          149.39
        ],
        [
          1047.85,
          150.27
        ],
        [
          1047.85,
          168.73
        ],
        [
          1049.55,
          170.48
        ],
        [
          1059.73,
          170.48
        ],
        [
          1059.73,
          169.61
        ],
        [
          1074.16,
          169.61
        ],
        [
          1075.01,
          174.0
        ],
        [
          1080.95,
          182.79
        ],
        [
          1080.95,
          185.42
        ],
        [
          1084.35,
          188.94
        ],
        [
          1097.08,
          188.94
        ],
        [
          1097.08,
          190.7
        ],
        [
          1103.87,
          195.97
        ],
        [
          1107.27,
          196.85
        ],
        [
          1108.12,
          195.09
        ],
        [
          1109.81,
          195.09
        ],
        [
          1109.81,
          193.33
        ],
        [
          1115.76,
          188.94
        ],
        [
          1120.0,
          184.55
        ],
        [
          1120.0,
          0.0
        ],
        [
          1078.41,
          0.0
        ],
        [
          1076.71,
          4.39
        ],
        [
          1076.71,
          18.45
        ],
        [
          1075.01,
          22.85
        ],
        [
          1075.01,
          29.88
        ],
        [
          1070.77,
          33.39
        ],
        [
          1070.77,
          36.03
        ],
        [
          1066.53,
          40.42
        ],
        [
          1066.53,
          43.06
        ],
        [
          1060.58,
          50.97
        ],
        [
          1058.89,
          55.36
        ],
        [
          1058.89,
          72.94
        ],
        [
          1060.58,
          74.7
        ],
        [
          1060.58,
          99.3
        ],
        [
          1058.89,
          103.7
        ],
        [
          1058.89,
          116.88
        ],
        [
          1058.04,
          116.88
        ],
        [
          1058.04,
          126.55
        ],
        [
          1056.34,
          126.55
        ],
        [
          1053.79,
          130.94
        ],
        [
          1048.7,
          131.82
        ]
      ],
      "path": "M1046.15,133.58L1046.15,149.39L1047.85,150.27L1047.85,168.73L1049.55,170.48L1059.73,170.48L1059.73,169.61L1074.16,169.61L1075.01,174.00L1080.95,182.79L1080.95,185.42L1084.35,188.94L1097.08,188.94L1097.08,190.70L1103.87,195.97L1107.27,196.85L1108.12,195.09L1109.81,195.09L1109.81,193.33L1115.76,188.94L1120.00,184.55L1120.00,0.00L1078.41,0.00L1076.71,4.39L1076.71,18.45L1075.01,22.85L1075.01,29.88L1070.77,33.39L1070.77,36.03L1066.53,40.42L1066.53,43.06L1060.58,50.97L1058.89,55.36L1058.89,72.94L1060.58,74.70L1060.58,99.30L1058.89,103.70L1058.89,116.88L1058.04,116.88L1058.04,126.55L1056.34,126.55L1053.79,130.94L1048.70,131.82Z"
    }
  ],
  "landLinks": [
    [
      "연해주 북부",
      "숙신 고토"
    ],
    [
      "연해주 북부",
      "읍루 동해안"
    ],
    [
      "숙신 고토",
      "연해주 남부"
    ],
    [
      "숙신 고토",
      "읍루 동해안"
    ],
    [
      "연해주 남부",
      "읍루 동해안"
    ]
  ],
  "seaCut": {
    "description": "Blue mask is authoritative Sea. Land and Sea were simplified in the same coverage, so overlap is exactly zero.",
    "coordinates": [
      [
        1115.76,
        188.94
      ],
      [
        1110.66,
        195.09
      ],
      [
        1108.97,
        195.09
      ],
      [
        1107.27,
        196.85
      ],
      [
        1105.57,
        201.24
      ],
      [
        1101.33,
        201.24
      ],
      [
        1098.78,
        203.88
      ],
      [
        1093.69,
        203.88
      ],
      [
        1089.44,
        206.52
      ],
      [
        1087.75,
        208.27
      ],
      [
        1086.9,
        210.03
      ],
      [
        1086.9,
        217.94
      ],
      [
        1085.2,
        217.94
      ],
      [
        1085.2,
        220.58
      ],
      [
        1084.35,
        220.58
      ],
      [
        1082.65,
        224.97
      ],
      [
        1080.95,
        224.97
      ],
      [
        1080.95,
        226.73
      ],
      [
        1079.26,
        226.73
      ],
      [
        1079.26,
        228.48
      ],
      [
        1075.01,
        229.36
      ],
      [
        1075.01,
        231.12
      ],
      [
        1072.47,
        231.12
      ],
      [
        1070.77,
        233.76
      ],
      [
        1070.77,
        236.39
      ],
      [
        1065.68,
        239.91
      ],
      [
        1063.98,
        239.91
      ],
      [
        1062.28,
        243.42
      ],
      [
        1062.28,
        247.82
      ],
      [
        1060.58,
        247.82
      ],
      [
        1060.58,
        252.21
      ],
      [
        1058.89,
        253.09
      ],
      [
        1058.04,
        256.61
      ],
      [
        1056.34,
        256.61
      ],
      [
        1053.79,
        260.12
      ],
      [
        1050.4,
        261.0
      ],
      [
        1046.15,
        265.39
      ],
      [
        1044.46,
        265.39
      ],
      [
        1041.91,
        269.79
      ],
      [
        1040.21,
        269.79
      ],
      [
        1040.21,
        271.55
      ],
      [
        1035.97,
        274.18
      ],
      [
        1035.97,
        275.94
      ],
      [
        1035.12,
        275.94
      ],
      [
        1035.12,
        276.82
      ],
      [
        1034.27,
        276.82
      ],
      [
        1034.27,
        277.7
      ],
      [
        1033.42,
        277.7
      ],
      [
        1033.42,
        279.45
      ],
      [
        1031.72,
        280.33
      ],
      [
        1030.03,
        282.09
      ],
      [
        1030.03,
        283.85
      ],
      [
        1027.48,
        286.48
      ],
      [
        1025.78,
        288.24
      ],
      [
        1025.78,
        290.0
      ],
      [
        1024.93,
        290.88
      ],
      [
        1023.24,
        290.88
      ],
      [
        1021.54,
        292.64
      ],
      [
        1021.54,
        294.39
      ],
      [
        1019.84,
        294.39
      ],
      [
        1019.84,
        295.27
      ],
      [
        1018.99,
        295.27
      ],
      [
        1018.99,
        297.03
      ],
      [
        1015.6,
        297.03
      ],
      [
        1015.6,
        298.79
      ],
      [
        1011.35,
        298.79
      ],
      [
        1009.65,
        300.55
      ],
      [
        1004.56,
        301.42
      ],
      [
        1001.17,
        301.42
      ],
      [
        998.62,
        303.18
      ],
      [
        995.23,
        305.82
      ],
      [
        986.74,
        305.82
      ],
      [
        986.74,
        307.58
      ],
      [
        980.8,
        307.58
      ],
      [
        979.95,
        309.33
      ],
      [
        974.0,
        311.97
      ],
      [
        974.0,
        313.73
      ],
      [
        970.61,
        313.73
      ],
      [
        968.06,
        316.36
      ],
      [
        965.52,
        316.36
      ],
      [
        962.12,
        318.12
      ],
      [
        962.12,
        319.88
      ],
      [
        957.88,
        320.76
      ],
      [
        953.63,
        320.76
      ],
      [
        951.94,
        322.52
      ],
      [
        945.99,
        322.52
      ],
      [
        945.99,
        324.27
      ],
      [
        938.35,
        324.27
      ],
      [
        937.51,
        320.76
      ],
      [
        935.81,
        320.76
      ],
      [
        935.81,
        318.12
      ],
      [
        924.77,
        318.12
      ],
      [
        923.92,
        313.73
      ],
      [
        921.38,
        314.61
      ],
      [
        919.68,
        316.36
      ],
      [
        911.19,
        316.36
      ],
      [
        909.5,
        311.97
      ],
      [
        899.31,
        311.97
      ],
      [
        899.31,
        299.67
      ],
      [
        900.16,
        299.67
      ],
      [
        901.01,
        290.88
      ],
      [
        902.7,
        290.88
      ],
      [
        901.86,
        289.12
      ],
      [
        899.31,
        286.48
      ],
      [
        896.76,
        286.48
      ],
      [
        889.97,
        290.0
      ],
      [
        882.33,
        298.79
      ],
      [
        872.15,
        298.79
      ],
      [
        868.75,
        295.27
      ],
      [
        864.51,
        295.27
      ],
      [
        861.11,
        300.55
      ],
      [
        858.57,
        301.42
      ],
      [
        857.72,
        304.94
      ],
      [
        855.17,
        305.82
      ],
      [
        855.17,
        310.21
      ],
      [
        849.23,
        311.97
      ],
      [
        849.23,
        318.12
      ],
      [
        847.53,
        320.76
      ],
      [
        843.29,
        322.52
      ],
      [
        840.74,
        326.91
      ],
      [
        839.89,
        332.18
      ],
      [
        826.31,
        333.06
      ],
      [
        826.31,
        334.82
      ],
      [
        818.67,
        334.82
      ],
      [
        816.13,
        329.55
      ],
      [
        810.18,
        331.3
      ],
      [
        816.13,
        338.33
      ],
      [
        818.67,
        338.33
      ],
      [
        818.67,
        345.36
      ],
      [
        1120.0,
        345.36
      ],
      [
        1120.0,
        186.3
      ]
    ],
    "path": "M1115.76,188.94L1110.66,195.09L1108.97,195.09L1107.27,196.85L1105.57,201.24L1101.33,201.24L1098.78,203.88L1093.69,203.88L1089.44,206.52L1087.75,208.27L1086.90,210.03L1086.90,217.94L1085.20,217.94L1085.20,220.58L1084.35,220.58L1082.65,224.97L1080.95,224.97L1080.95,226.73L1079.26,226.73L1079.26,228.48L1075.01,229.36L1075.01,231.12L1072.47,231.12L1070.77,233.76L1070.77,236.39L1065.68,239.91L1063.98,239.91L1062.28,243.42L1062.28,247.82L1060.58,247.82L1060.58,252.21L1058.89,253.09L1058.04,256.61L1056.34,256.61L1053.79,260.12L1050.40,261.00L1046.15,265.39L1044.46,265.39L1041.91,269.79L1040.21,269.79L1040.21,271.55L1035.97,274.18L1035.97,275.94L1035.12,275.94L1035.12,276.82L1034.27,276.82L1034.27,277.70L1033.42,277.70L1033.42,279.45L1031.72,280.33L1030.03,282.09L1030.03,283.85L1027.48,286.48L1025.78,288.24L1025.78,290.00L1024.93,290.88L1023.24,290.88L1021.54,292.64L1021.54,294.39L1019.84,294.39L1019.84,295.27L1018.99,295.27L1018.99,297.03L1015.60,297.03L1015.60,298.79L1011.35,298.79L1009.65,300.55L1004.56,301.42L1001.17,301.42L998.62,303.18L995.23,305.82L986.74,305.82L986.74,307.58L980.80,307.58L979.95,309.33L974.00,311.97L974.00,313.73L970.61,313.73L968.06,316.36L965.52,316.36L962.12,318.12L962.12,319.88L957.88,320.76L953.63,320.76L951.94,322.52L945.99,322.52L945.99,324.27L938.35,324.27L937.51,320.76L935.81,320.76L935.81,318.12L924.77,318.12L923.92,313.73L921.38,314.61L919.68,316.36L911.19,316.36L909.50,311.97L899.31,311.97L899.31,299.67L900.16,299.67L901.01,290.88L902.70,290.88L901.86,289.12L899.31,286.48L896.76,286.48L889.97,290.00L882.33,298.79L872.15,298.79L868.75,295.27L864.51,295.27L861.11,300.55L858.57,301.42L857.72,304.94L855.17,305.82L855.17,310.21L849.23,311.97L849.23,318.12L847.53,320.76L843.29,322.52L840.74,326.91L839.89,332.18L826.31,333.06L826.31,334.82L818.67,334.82L816.13,329.55L810.18,331.30L816.13,338.33L818.67,338.33L818.67,345.36L1120.00,345.36L1120.00,186.30Z"
  },
  "snap": {
    "method": "authoritative-river-body-reclaim + exact half-plane split",
    "curveSampling": "quadratic bezier sampled at 4 segments per Q command",
    "sharedEdgeGuarantee": "channel is partitioned exactly once before territory union; no overlap and no unassigned reclaimed-water area",
    "lakeGuarantee": "the complete original lake subpath is contained by 숙신 고토"
  },
  "reclaimedWaterBodies": [
    {
      "id": "sushin_west_lake_v143",
      "name": "숙신 고토 서측 호수 매립",
      "action": "remove-water-and-merge-into-territory",
      "territory": "숙신 고토",
      "source": "GEOGRAPHY.rivers",
      "sourceSubpathIndex": 54,
      "bbox": [
        852.5,
        128.5,
        907.5,
        204.5
      ],
      "removeFromGeographyRivers": true,
      "allocation": "100% 숙신 고토"
    },
    {
      "id": "primorye_upper_channel_v143",
      "name": "숙신-연해주 북부 상단 수로 매립",
      "action": "remove-water-and-split-land",
      "territories": [
        "숙신 고토",
        "연해주 북부"
      ],
      "source": "GEOGRAPHY.rivers",
      "sourceSubpathIndex": 21,
      "bbox": [
        937.5,
        59.5,
        966.5,
        167.5
      ],
      "removeFromGeographyRivers": true,
      "splitX": 952.0,
      "allocation": "x < 952.0 => 숙신 고토 / x >= 952.0 => 연해주 북부"
    }
  ]
}
### FILE: MapExpansionV125.js (FULL REPLACEMENT)

(function(global){
  'use strict';

  const world=global.SAMGUK_WORLD;
  const japan=global.SAMGUK_JAPAN_MAP_DATA_V132;
  const dongjin=global.SAMGUK_DONGJIN_MAP_DATA_V140||global.SAMGUK_DONGJIN_MAP_DATA_V139||global.SAMGUK_DONGJIN_MAP_DATA_V137;
  if(!world||!Array.isArray(world.territories)||!Array.isArray(world.neighbors))return;
  if(!japan||!Array.isArray(japan.territories))throw new Error('JapanMapDataV132.js must load before MapExpansionV125.js');
  if(!dongjin||!dongjin.baseTerritoryOverrides||!Array.isArray(dongjin.expansionTerritories))throw new Error('DongjinMapDataV137.js (v140 data) must load before MapExpansionV125.js');
  if(world.__mapExpansionV125Applied)return;

  // v143: 숙신 고토 내부 호수와 상단 수로를 실제 GEOGRAPHY.rivers에서 제거하고 영토 좌표에 편입한다.
  // 동진 geometry는 DongjinMapDataV137.js/JSON으로 분리하여 GitHub에서 독립 관리한다.
  const EUMNU_DATA={
  "version": 143,
  "geometryRevision": "v143-eumnu-water-reclaim-lake-channel-split",
  "sourceMask": {
    "file": "493248ae-69a9-43c6-ad53-c097225ec885.png",
    "contentBoundsPx": [
      0,
      16,
      420,
      412
    ],
    "worldBounds": [
      763.5,
      0,
      1120,
      348
    ],
    "rule": "v142 classified coverage + v143 authoritative reclaim of original GEOGRAPHY.rivers lake/channel bodies",
    "colors": {
      "숙신 고토": "#8c00ff",
      "연해주 남부": "#fb65ff",
      "연해주 북부": "#f87f63",
      "읍루 동해안": "#11830e",
      "Sea": "#000aff"
    }
  },
  "removedExpansionTerritories": [
    {
      "id": "eumnu_far_northeast",
      "name": "읍루 극동 북부"
    },
    {
      "id": "eumnu_far_east_north",
      "name": "읍루 동북 해안"
    },
    {
      "id": "eumnu_far_east_central",
      "name": "읍루 극동 중부"
    }
  ],
  "baseTerritoryOverrides": {
    "연해주 북부": {
      "x": 1011.36,
      "y": 61.09,
      "coordinates": [
        [
          951.94,
          110.73
        ],
        [
          960.42,
          110.73
        ],
        [
          962.12,
          115.12
        ],
        [
          966.37,
          116.88
        ],
        [
          969.76,
          116.88
        ],
        [
          971.46,
          118.64
        ],
        [
          975.7,
          118.64
        ],
        [
          975.7,
          119.52
        ],
        [
          995.23,
          119.52
        ],
        [
          996.07,
          121.27
        ],
        [
          1007.96,
          121.27
        ],
        [
          1013.05,
          116.88
        ],
        [
          1015.6,
          116.88
        ],
        [
          1024.08,
          106.33
        ],
        [
          1026.63,
          106.33
        ],
        [
          1028.33,
          103.7
        ],
        [
          1034.27,
          101.94
        ],
        [
          1043.61,
          91.39
        ],
        [
          1050.4,
          87.0
        ],
        [
          1052.94,
          84.36
        ],
        [
          1056.34,
          77.33
        ],
        [
          1056.34,
          67.67
        ],
        [
          1057.19,
          67.67
        ],
        [
          1057.19,
          51.85
        ],
        [
          1058.89,
          46.58
        ],
        [
          1062.28,
          43.94
        ],
        [
          1064.83,
          37.79
        ],
        [
          1067.37,
          36.03
        ],
        [
          1068.22,
          32.52
        ],
        [
          1072.47,
          29.0
        ],
        [
          1072.47,
          21.09
        ],
        [
          1073.32,
          21.09
        ],
        [
          1073.32,
          0.88
        ],
        [
          985.89,
          0.88
        ],
        [
          984.19,
          1.76
        ],
        [
          984.19,
          12.3
        ],
        [
          978.25,
          14.94
        ],
        [
          974.0,
          21.09
        ],
        [
          972.31,
          21.09
        ],
        [
          971.46,
          30.76
        ],
        [
          972.31,
          30.76
        ],
        [
          972.31,
          45.7
        ],
        [
          969.76,
          48.33
        ],
        [
          969.76,
          52.73
        ],
        [
          968.06,
          52.73
        ],
        [
          968.06,
          58.88
        ],
        [
          965.52,
          60.64
        ],
        [
          965.52,
          65.91
        ],
        [
          963.82,
          65.91
        ],
        [
          963.82,
          70.3
        ],
        [
          961.16,
          72.67
        ],
        [
          961.0,
          73.12
        ],
        [
          961.38,
          72.03
        ],
        [
          961.5,
          71.0
        ],
        [
          961.41,
          70.0
        ],
        [
          961.12,
          69.0
        ],
        [
          960.66,
          68.0
        ],
        [
          960.0,
          67.0
        ],
        [
          959.47,
          66.09
        ],
        [
          959.38,
          65.38
        ],
        [
          959.72,
          64.84
        ],
        [
          960.5,
          64.5
        ],
        [
          961.41,
          64.22
        ],
        [
          962.12,
          63.88
        ],
        [
          962.66,
          63.47
        ],
        [
          963.0,
          63.0
        ],
        [
          963.2,
          62.48
        ],
        [
          963.31,
          61.94
        ],
        [
          963.33,
          61.36
        ],
        [
          963.25,
          60.75
        ],
        [
          963.08,
          60.27
        ],
        [
          962.81,
          60.06
        ],
        [
          962.45,
          60.14
        ],
        [
          962.0,
          60.5
        ],
        [
          961.47,
          60.94
        ],
        [
          960.88,
          61.25
        ],
        [
          960.22,
          61.44
        ],
        [
          959.5,
          61.5
        ],
        [
          958.8,
          61.55
        ],
        [
          958.19,
          61.69
        ],
        [
          957.67,
          61.92
        ],
        [
          957.25,
          62.25
        ],
        [
          956.95,
          62.7
        ],
        [
          956.81,
          63.31
        ],
        [
          956.83,
          64.08
        ],
        [
          957.0,
          65.0
        ],
        [
          957.28,
          65.94
        ],
        [
          957.62,
          66.75
        ],
        [
          958.03,
          67.44
        ],
        [
          958.5,
          68.0
        ],
        [
          958.94,
          68.53
        ],
        [
          959.25,
          69.12
        ],
        [
          959.44,
          69.78
        ],
        [
          959.5,
          70.5
        ],
        [
          959.41,
          71.25
        ],
        [
          959.12,
          72.0
        ],
        [
          958.66,
          72.75
        ],
        [
          958.0,
          73.5
        ],
        [
          957.34,
          74.28
        ],
        [
          956.88,
          75.12
        ],
        [
          956.59,
          76.03
        ],
        [
          956.5,
          77.0
        ],
        [
          956.45,
          77.92
        ],
        [
          956.46,
          77.78
        ],
        [
          956.18,
          78.21
        ],
        [
          951.67,
          81.13
        ],
        [
          951.67,
          81.13
        ],
        [
          951.5,
          81.0
        ],
        [
          951.23,
          80.8
        ],
        [
          950.94,
          80.69
        ],
        [
          950.61,
          80.67
        ],
        [
          950.25,
          80.75
        ],
        [
          949.89,
          80.92
        ],
        [
          949.56,
          81.19
        ],
        [
          949.27,
          81.55
        ],
        [
          949.0,
          82.0
        ],
        [
          948.83,
          82.48
        ],
        [
          948.81,
          82.94
        ],
        [
          948.95,
          83.36
        ],
        [
          949.25,
          83.75
        ],
        [
          949.61,
          84.05
        ],
        [
          949.39,
          83.87
        ],
        [
          949.39,
          84.99
        ],
        [
          949.5,
          85.06
        ],
        [
          950.0,
          85.5
        ],
        [
          950.45,
          85.92
        ],
        [
          950.81,
          86.19
        ],
        [
          951.08,
          86.3
        ],
        [
          951.25,
          86.25
        ],
        [
          951.39,
          86.08
        ],
        [
          951.56,
          85.81
        ],
        [
          951.77,
          85.45
        ],
        [
          952.0,
          85.0
        ],
        [
          952.0,
          87.44
        ],
        [
          951.16,
          87.84
        ],
        [
          950.0,
          88.0
        ],
        [
          948.91,
          88.09
        ],
        [
          948.12,
          88.38
        ],
        [
          947.66,
          88.84
        ],
        [
          947.5,
          89.5
        ],
        [
          947.47,
          90.19
        ],
        [
          947.38,
          90.75
        ],
        [
          947.22,
          91.19
        ],
        [
          947.0,
          91.5
        ],
        [
          946.81,
          91.88
        ],
        [
          946.75,
          92.5
        ],
        [
          946.81,
          93.38
        ],
        [
          947.0,
          94.5
        ],
        [
          947.12,
          95.59
        ],
        [
          947.0,
          96.38
        ],
        [
          946.62,
          96.84
        ],
        [
          946.0,
          97.0
        ],
        [
          945.41,
          97.03
        ],
        [
          945.12,
          97.12
        ],
        [
          945.16,
          97.28
        ],
        [
          945.5,
          97.5
        ],
        [
          945.88,
          97.81
        ],
        [
          946.0,
          98.25
        ],
        [
          945.88,
          98.81
        ],
        [
          945.5,
          99.5
        ],
        [
          945.12,
          100.25
        ],
        [
          945.0,
          101.0
        ],
        [
          945.12,
          101.75
        ],
        [
          945.5,
          102.5
        ],
        [
          945.94,
          103.25
        ],
        [
          946.25,
          104.0
        ],
        [
          946.44,
          104.75
        ],
        [
          946.5,
          105.5
        ],
        [
          946.44,
          106.25
        ],
        [
          946.27,
          106.91
        ],
        [
          946.84,
          108.09
        ],
        [
          949.39,
          108.09
        ]
      ],
      "path": ""
    },
    "숙신 고토": {
      "x": 980.94,
      "y": 172.33,
      "coordinates": [
        [
          945.99,
          108.09
        ],
        [
          945.99,
          107.62
        ],
        [
          945.94,
          107.75
        ],
        [
          946.25,
          107.0
        ],
        [
          946.44,
          106.25
        ],
        [
          946.5,
          105.5
        ],
        [
          946.44,
          104.75
        ],
        [
          946.25,
          104.0
        ],
        [
          945.94,
          103.25
        ],
        [
          945.5,
          102.5
        ],
        [
          945.12,
          101.75
        ],
        [
          945.0,
          101.0
        ],
        [
          945.12,
          100.25
        ],
        [
          945.5,
          99.5
        ],
        [
          945.88,
          98.81
        ],
        [
          946.0,
          98.25
        ],
        [
          945.88,
          97.81
        ],
        [
          945.5,
          97.5
        ],
        [
          945.16,
          97.28
        ],
        [
          945.12,
          97.12
        ],
        [
          945.41,
          97.03
        ],
        [
          946.0,
          97.0
        ],
        [
          946.62,
          96.84
        ],
        [
          947.0,
          96.38
        ],
        [
          947.12,
          95.59
        ],
        [
          947.0,
          94.5
        ],
        [
          946.81,
          93.38
        ],
        [
          946.75,
          92.5
        ],
        [
          946.81,
          91.88
        ],
        [
          947.0,
          91.5
        ],
        [
          947.22,
          91.19
        ],
        [
          947.38,
          90.75
        ],
        [
          947.47,
          90.19
        ],
        [
          947.5,
          89.5
        ],
        [
          947.66,
          88.84
        ],
        [
          948.12,
          88.38
        ],
        [
          948.91,
          88.09
        ],
        [
          950.0,
          88.0
        ],
        [
          951.16,
          87.84
        ],
        [
          952.0,
          87.44
        ],
        [
          952.0,
          85.0
        ],
        [
          951.77,
          85.45
        ],
        [
          951.56,
          85.81
        ],
        [
          951.39,
          86.08
        ],
        [
          951.25,
          86.25
        ],
        [
          951.08,
          86.3
        ],
        [
          950.81,
          86.19
        ],
        [
          950.45,
          85.92
        ],
        [
          950.0,
          85.5
        ],
        [
          949.5,
          85.06
        ],
        [
          949.0,
          84.75
        ],
        [
          948.5,
          84.56
        ],
        [
          948.0,
          84.5
        ],
        [
          947.5,
          84.56
        ],
        [
          947.0,
          84.75
        ],
        [
          946.5,
          85.06
        ],
        [
          946.0,
          85.5
        ],
        [
          945.39,
          85.95
        ],
        [
          944.56,
          86.31
        ],
        [
          943.52,
          86.58
        ],
        [
          942.25,
          86.75
        ],
        [
          941.19,
          86.88
        ],
        [
          940.75,
          87.0
        ],
        [
          940.94,
          87.12
        ],
        [
          941.75,
          87.25
        ],
        [
          942.75,
          87.41
        ],
        [
          943.5,
          87.62
        ],
        [
          944.0,
          87.91
        ],
        [
          944.25,
          88.25
        ],
        [
          944.33,
          88.61
        ],
        [
          944.31,
          88.94
        ],
        [
          944.2,
          89.23
        ],
        [
          944.0,
          89.5
        ],
        [
          943.78,
          89.84
        ],
        [
          943.62,
          90.38
        ],
        [
          943.53,
          91.09
        ],
        [
          943.5,
          92.0
        ],
        [
          943.41,
          92.94
        ],
        [
          943.12,
          93.75
        ],
        [
          942.66,
          94.44
        ],
        [
          942.0,
          95.0
        ],
        [
          941.34,
          95.53
        ],
        [
          940.88,
          96.12
        ],
        [
          940.59,
          96.78
        ],
        [
          940.5,
          97.5
        ],
        [
          940.52,
          98.17
        ],
        [
          940.56,
          98.69
        ],
        [
          940.64,
          99.05
        ],
        [
          940.75,
          99.25
        ],
        [
          940.89,
          99.33
        ],
        [
          941.06,
          99.31
        ],
        [
          941.27,
          99.2
        ],
        [
          941.5,
          99.0
        ],
        [
          941.73,
          98.83
        ],
        [
          941.94,
          98.81
        ],
        [
          942.11,
          98.95
        ],
        [
          942.25,
          99.25
        ],
        [
          942.3,
          99.67
        ],
        [
          942.19,
          100.19
        ],
        [
          941.92,
          100.8
        ],
        [
          941.5,
          101.5
        ],
        [
          941.16,
          102.19
        ],
        [
          941.12,
          102.75
        ],
        [
          941.41,
          103.19
        ],
        [
          942.0,
          103.5
        ],
        [
          942.56,
          103.75
        ],
        [
          942.75,
          104.0
        ],
        [
          942.56,
          104.25
        ],
        [
          942.37,
          104.34
        ],
        [
          941.75,
          103.7
        ],
        [
          939.2,
          101.94
        ],
        [
          934.96,
          101.94
        ],
        [
          934.96,
          104.58
        ],
        [
          930.72,
          106.33
        ],
        [
          926.47,
          112.48
        ],
        [
          923.92,
          112.48
        ],
        [
          923.08,
          115.12
        ],
        [
          923.08,
          125.67
        ],
        [
          920.53,
          128.3
        ],
        [
          921.38,
          131.82
        ],
        [
          925.62,
          131.82
        ],
        [
          927.32,
          133.58
        ],
        [
          927.32,
          148.52
        ],
        [
          921.38,
          155.55
        ],
        [
          920.53,
          159.06
        ],
        [
          917.13,
          163.45
        ],
        [
          917.13,
          171.36
        ],
        [
          914.59,
          173.12
        ],
        [
          914.59,
          175.76
        ],
        [
          910.34,
          177.52
        ],
        [
          910.34,
          182.79
        ],
        [
          907.8,
          184.55
        ],
        [
          899.31,
          184.55
        ],
        [
          895.07,
          181.03
        ],
        [
          894.49,
          177.41
        ],
        [
          894.61,
          177.23
        ],
        [
          894.94,
          176.94
        ],
        [
          895.23,
          176.86
        ],
        [
          895.5,
          177.0
        ],
        [
          895.77,
          177.17
        ],
        [
          896.06,
          177.19
        ],
        [
          896.39,
          177.05
        ],
        [
          896.75,
          176.75
        ],
        [
          897.03,
          176.38
        ],
        [
          897.12,
          176.0
        ],
        [
          897.03,
          175.62
        ],
        [
          896.75,
          175.25
        ],
        [
          896.39,
          174.95
        ],
        [
          896.06,
          174.81
        ],
        [
          895.77,
          174.83
        ],
        [
          895.5,
          175.0
        ],
        [
          895.27,
          175.2
        ],
        [
          895.06,
          175.31
        ],
        [
          894.89,
          175.33
        ],
        [
          894.75,
          175.25
        ],
        [
          894.69,
          175.09
        ],
        [
          894.75,
          174.88
        ],
        [
          894.94,
          174.59
        ],
        [
          895.25,
          174.25
        ],
        [
          895.64,
          173.98
        ],
        [
          896.06,
          173.94
        ],
        [
          896.52,
          174.11
        ],
        [
          897.0,
          174.5
        ],
        [
          897.48,
          174.89
        ],
        [
          897.94,
          175.06
        ],
        [
          898.36,
          175.02
        ],
        [
          898.75,
          174.75
        ],
        [
          899.05,
          174.36
        ],
        [
          899.19,
          173.94
        ],
        [
          899.17,
          173.48
        ],
        [
          899.0,
          173.0
        ],
        [
          898.81,
          172.53
        ],
        [
          898.75,
          172.12
        ],
        [
          898.81,
          171.78
        ],
        [
          899.0,
          171.5
        ],
        [
          899.19,
          171.25
        ],
        [
          899.25,
          171.0
        ],
        [
          899.19,
          170.75
        ],
        [
          899.0,
          170.5
        ],
        [
          898.8,
          170.27
        ],
        [
          898.69,
          170.06
        ],
        [
          898.67,
          169.89
        ],
        [
          898.75,
          169.75
        ],
        [
          898.89,
          169.67
        ],
        [
          899.06,
          169.69
        ],
        [
          899.27,
          169.8
        ],
        [
          899.5,
          170.0
        ],
        [
          899.77,
          170.17
        ],
        [
          900.06,
          170.19
        ],
        [
          900.39,
          170.05
        ],
        [
          900.75,
          169.75
        ],
        [
          901.05,
          169.36
        ],
        [
          901.19,
          168.94
        ],
        [
          901.17,
          168.48
        ],
        [
          901.0,
          168.0
        ],
        [
          900.83,
          167.52
        ],
        [
          900.81,
          167.06
        ],
        [
          900.95,
          166.64
        ],
        [
          901.25,
          166.25
        ],
        [
          901.59,
          165.94
        ],
        [
          901.88,
          165.75
        ],
        [
          902.09,
          165.69
        ],
        [
          902.25,
          165.75
        ],
        [
          902.33,
          165.89
        ],
        [
          902.31,
          166.06
        ],
        [
          902.2,
          166.27
        ],
        [
          902.0,
          166.5
        ],
        [
          901.83,
          166.77
        ],
        [
          901.81,
          167.06
        ],
        [
          901.95,
          167.39
        ],
        [
          902.25,
          167.75
        ],
        [
          902.66,
          168.03
        ],
        [
          903.12,
          168.12
        ],
        [
          903.66,
          168.03
        ],
        [
          904.25,
          167.75
        ],
        [
          904.7,
          167.33
        ],
        [
          904.81,
          166.81
        ],
        [
          904.58,
          166.2
        ],
        [
          904.0,
          165.5
        ],
        [
          903.41,
          164.84
        ],
        [
          903.12,
          164.38
        ],
        [
          903.16,
          164.09
        ],
        [
          903.5,
          164.0
        ],
        [
          903.97,
          163.88
        ],
        [
          904.38,
          163.5
        ],
        [
          904.72,
          162.88
        ],
        [
          905.0,
          162.0
        ],
        [
          905.28,
          161.09
        ],
        [
          905.62,
          160.38
        ],
        [
          906.03,
          159.84
        ],
        [
          906.5,
          159.5
        ],
        [
          906.91,
          159.25
        ],
        [
          907.12,
          159.0
        ],
        [
          907.16,
          158.75
        ],
        [
          907.0,
          158.5
        ],
        [
          906.78,
          158.12
        ],
        [
          906.62,
          157.5
        ],
        [
          906.53,
          156.62
        ],
        [
          906.5,
          155.5
        ],
        [
          906.47,
          154.38
        ],
        [
          906.38,
          153.5
        ],
        [
          906.22,
          152.88
        ],
        [
          906.0,
          152.5
        ],
        [
          905.78,
          152.16
        ],
        [
          905.62,
          151.62
        ],
        [
          905.53,
          150.91
        ],
        [
          905.5,
          150.0
        ],
        [
          905.47,
          149.06
        ],
        [
          905.38,
          148.25
        ],
        [
          905.22,
          147.56
        ],
        [
          905.0,
          147.0
        ],
        [
          904.53,
          146.34
        ],
        [
          903.62,
          145.38
        ],
        [
          902.28,
          144.09
        ],
        [
          900.5,
          142.5
        ],
        [
          898.86,
          140.98
        ],
        [
          897.94,
          139.94
        ],
        [
          897.73,
          139.36
        ],
        [
          898.25,
          139.25
        ],
        [
          899.11,
          139.27
        ],
        [
          899.94,
          139.06
        ],
        [
          900.73,
          138.64
        ],
        [
          901.5,
          138.0
        ],
        [
          902.23,
          137.33
        ],
        [
          902.94,
          136.81
        ],
        [
          903.61,
          136.45
        ],
        [
          904.25,
          136.25
        ],
        [
          904.78,
          136.09
        ],
        [
          905.12,
          135.88
        ],
        [
          905.28,
          135.59
        ],
        [
          905.25,
          135.25
        ],
        [
          905.02,
          134.98
        ],
        [
          904.56,
          134.94
        ],
        [
          903.89,
          135.11
        ],
        [
          903.0,
          135.5
        ],
        [
          901.88,
          135.81
        ],
        [
          900.5,
          135.75
        ],
        [
          898.88,
          135.31
        ],
        [
          897.0,
          134.5
        ],
        [
          895.16,
          133.62
        ],
        [
          893.62,
          133.0
        ],
        [
          892.41,
          132.62
        ],
        [
          891.5,
          132.5
        ],
        [
          890.69,
          132.41
        ],
        [
          889.75,
          132.12
        ],
        [
          888.69,
          131.66
        ],
        [
          887.5,
          131.0
        ],
        [
          886.09,
          130.31
        ],
        [
          884.38,
          129.75
        ],
        [
          882.34,
          129.31
        ],
        [
          880.0,
          129.0
        ],
        [
          877.8,
          128.86
        ],
        [
          876.19,
          128.94
        ],
        [
          873.85,
          127.42
        ],
        [
          872.15,
          123.03
        ],
        [
          867.9,
          123.03
        ],
        [
          867.9,
          120.39
        ],
        [
          859.42,
          120.39
        ],
        [
          857.72,
          116.88
        ],
        [
          853.47,
          116.88
        ],
        [
          848.38,
          118.64
        ],
        [
          846.68,
          121.27
        ],
        [
          843.29,
          122.15
        ],
        [
          841.59,
          124.79
        ],
        [
          839.04,
          124.79
        ],
        [
          836.5,
          127.42
        ],
        [
          828.86,
          127.42
        ],
        [
          828.86,
          129.18
        ],
        [
          817.82,
          129.18
        ],
        [
          816.98,
          131.82
        ],
        [
          811.88,
          131.82
        ],
        [
          808.49,
          133.58
        ],
        [
          808.49,
          136.21
        ],
        [
          804.24,
          137.09
        ],
        [
          804.24,
          144.12
        ],
        [
          805.94,
          144.12
        ],
        [
          806.79,
          148.52
        ],
        [
          806.79,
          159.06
        ],
        [
          805.94,
          161.7
        ],
        [
          808.49,
          161.7
        ],
        [
          808.49,
          165.21
        ],
        [
          811.03,
          169.61
        ],
        [
          811.03,
          177.52
        ],
        [
          810.18,
          177.52
        ],
        [
          810.18,
          187.18
        ],
        [
          811.88,
          190.7
        ],
        [
          811.88,
          205.64
        ],
        [
          814.43,
          210.03
        ],
        [
          816.13,
          210.03
        ],
        [
          818.67,
          214.42
        ],
        [
          820.37,
          214.42
        ],
        [
          820.37,
          218.82
        ],
        [
          822.07,
          223.21
        ],
        [
          827.16,
          221.45
        ],
        [
          837.35,
          221.45
        ],
        [
          839.89,
          224.97
        ],
        [
          850.08,
          224.97
        ],
        [
          852.62,
          229.36
        ],
        [
          856.02,
          231.12
        ],
        [
          864.51,
          232.0
        ],
        [
          869.6,
          235.52
        ],
        [
          869.6,
          239.03
        ],
        [
          873.85,
          241.67
        ],
        [
          873.85,
          244.3
        ],
        [
          879.79,
          246.06
        ],
        [
          879.79,
          254.85
        ],
        [
          878.09,
          254.85
        ],
        [
          878.09,
          261.0
        ],
        [
          896.76,
          261.0
        ],
        [
          896.76,
          259.24
        ],
        [
          899.31,
          259.24
        ],
        [
          900.16,
          258.36
        ],
        [
          902.7,
          256.61
        ],
        [
          905.25,
          254.85
        ],
        [
          911.19,
          254.85
        ],
        [
          912.04,
          253.09
        ],
        [
          917.13,
          253.09
        ],
        [
          917.13,
          252.21
        ],
        [
          921.38,
          252.21
        ],
        [
          923.08,
          250.45
        ],
        [
          927.32,
          250.45
        ],
        [
          927.32,
          248.7
        ],
        [
          929.87,
          248.7
        ],
        [
          929.87,
          247.82
        ],
        [
          931.56,
          247.82
        ],
        [
          933.26,
          246.06
        ],
        [
          937.51,
          244.3
        ],
        [
          940.9,
          243.42
        ],
        [
          940.9,
          242.55
        ],
        [
          943.45,
          242.55
        ],
        [
          943.45,
          241.67
        ],
        [
          945.99,
          240.79
        ],
        [
          945.99,
          239.91
        ],
        [
          949.39,
          239.91
        ],
        [
          950.24,
          238.15
        ],
        [
          959.58,
          238.15
        ],
        [
          959.58,
          237.27
        ],
        [
          962.12,
          237.27
        ],
        [
          962.97,
          235.52
        ],
        [
          967.21,
          235.52
        ],
        [
          968.06,
          234.64
        ],
        [
          968.06,
          233.76
        ],
        [
          970.61,
          233.76
        ],
        [
          970.61,
          232.88
        ],
        [
          972.31,
          232.88
        ],
        [
          972.31,
          232.0
        ],
        [
          974.85,
          232.0
        ],
        [
          974.85,
          231.12
        ],
        [
          976.55,
          231.12
        ],
        [
          978.25,
          229.36
        ],
        [
          983.34,
          227.61
        ],
        [
          983.34,
          226.73
        ],
        [
          985.04,
          226.73
        ],
        [
          985.04,
          223.21
        ],
        [
          987.59,
          223.21
        ],
        [
          992.68,
          218.82
        ],
        [
          998.62,
          217.06
        ],
        [
          1004.56,
          212.67
        ],
        [
          1007.11,
          212.67
        ],
        [
          1013.05,
          208.27
        ],
        [
          1023.24,
          203.88
        ],
        [
          1024.08,
          202.12
        ],
        [
          1035.97,
          197.73
        ],
        [
          1041.91,
          187.18
        ],
        [
          1044.46,
          178.39
        ],
        [
          1046.15,
          178.39
        ],
        [
          1046.15,
          158.18
        ],
        [
          1044.46,
          155.55
        ],
        [
          1044.46,
          133.58
        ],
        [
          1046.15,
          133.58
        ],
        [
          1046.15,
          130.94
        ],
        [
          1050.4,
          127.42
        ],
        [
          1054.64,
          125.67
        ],
        [
          1056.34,
          123.03
        ],
        [
          1056.34,
          97.55
        ],
        [
          1057.19,
          97.55
        ],
        [
          1057.19,
          84.36
        ],
        [
          1055.49,
          83.48
        ],
        [
          1052.1,
          88.76
        ],
        [
          1050.4,
          88.76
        ],
        [
          1046.15,
          94.91
        ],
        [
          1040.21,
          97.55
        ],
        [
          1040.21,
          99.3
        ],
        [
          1035.97,
          101.94
        ],
        [
          1033.42,
          105.45
        ],
        [
          1030.03,
          106.33
        ],
        [
          1024.08,
          111.61
        ],
        [
          1019.84,
          116.88
        ],
        [
          1018.14,
          116.88
        ],
        [
          1014.75,
          121.27
        ],
        [
          1008.81,
          123.91
        ],
        [
          999.47,
          123.91
        ],
        [
          995.23,
          121.27
        ],
        [
          978.25,
          121.27
        ],
        [
          972.31,
          120.39
        ],
        [
          972.31,
          118.64
        ],
        [
          968.06,
          118.64
        ],
        [
          968.06,
          116.88
        ],
        [
          963.82,
          116.88
        ],
        [
          962.12,
          115.12
        ],
        [
          958.73,
          112.48
        ],
        [
          952.78,
          110.73
        ],
        [
          950.24,
          110.73
        ],
        [
          947.69,
          108.09
        ]
      ],
      "path": ""
    },
    "연해주 남부": {
      "x": 996.92,
      "y": 246.94,
      "coordinates": [
        [
          985.04,
          226.73
        ],
        [
          983.34,
          227.61
        ],
        [
          981.64,
          229.36
        ],
        [
          978.25,
          229.36
        ],
        [
          978.25,
          231.12
        ],
        [
          975.7,
          231.12
        ],
        [
          975.7,
          232.0
        ],
        [
          974.0,
          232.0
        ],
        [
          974.0,
          232.88
        ],
        [
          971.46,
          232.88
        ],
        [
          971.46,
          233.76
        ],
        [
          968.91,
          233.76
        ],
        [
          968.06,
          234.64
        ],
        [
          968.06,
          235.52
        ],
        [
          963.82,
          235.52
        ],
        [
          963.82,
          237.27
        ],
        [
          960.42,
          237.27
        ],
        [
          960.42,
          238.15
        ],
        [
          954.48,
          238.15
        ],
        [
          951.09,
          239.91
        ],
        [
          946.84,
          239.91
        ],
        [
          945.99,
          240.79
        ],
        [
          945.99,
          241.67
        ],
        [
          943.45,
          241.67
        ],
        [
          943.45,
          242.55
        ],
        [
          940.9,
          243.42
        ],
        [
          940.9,
          244.3
        ],
        [
          937.51,
          244.3
        ],
        [
          937.51,
          246.06
        ],
        [
          933.26,
          246.06
        ],
        [
          933.26,
          247.82
        ],
        [
          930.72,
          247.82
        ],
        [
          930.72,
          248.7
        ],
        [
          929.02,
          248.7
        ],
        [
          927.32,
          250.45
        ],
        [
          923.92,
          252.21
        ],
        [
          919.68,
          252.21
        ],
        [
          919.68,
          253.09
        ],
        [
          915.44,
          253.09
        ],
        [
          912.89,
          254.85
        ],
        [
          906.95,
          254.85
        ],
        [
          902.7,
          256.61
        ],
        [
          902.7,
          258.36
        ],
        [
          900.16,
          258.36
        ],
        [
          900.16,
          259.24
        ],
        [
          898.46,
          259.24
        ],
        [
          896.76,
          261.0
        ],
        [
          878.09,
          261.0
        ],
        [
          878.09,
          280.33
        ],
        [
          879.79,
          282.09
        ],
        [
          884.03,
          282.09
        ],
        [
          885.73,
          286.48
        ],
        [
          891.67,
          287.36
        ],
        [
          894.22,
          286.48
        ],
        [
          896.76,
          286.48
        ],
        [
          899.31,
          286.48
        ],
        [
          901.86,
          286.48
        ],
        [
          901.86,
          289.12
        ],
        [
          902.7,
          290.88
        ],
        [
          901.86,
          297.03
        ],
        [
          900.16,
          299.67
        ],
        [
          900.16,
          311.97
        ],
        [
          910.34,
          311.97
        ],
        [
          912.89,
          316.36
        ],
        [
          917.13,
          316.36
        ],
        [
          917.13,
          314.61
        ],
        [
          921.38,
          314.61
        ],
        [
          923.92,
          313.73
        ],
        [
          926.47,
          315.48
        ],
        [
          926.47,
          318.12
        ],
        [
          935.81,
          318.12
        ],
        [
          937.51,
          320.76
        ],
        [
          939.2,
          322.52
        ],
        [
          947.69,
          322.52
        ],
        [
          949.39,
          320.76
        ],
        [
          955.33,
          320.76
        ],
        [
          957.03,
          319.0
        ],
        [
          962.12,
          318.12
        ],
        [
          963.82,
          316.36
        ],
        [
          966.37,
          316.36
        ],
        [
          970.61,
          313.73
        ],
        [
          974.0,
          311.97
        ],
        [
          976.55,
          307.58
        ],
        [
          979.95,
          305.82
        ],
        [
          989.28,
          305.82
        ],
        [
          990.98,
          304.06
        ],
        [
          998.62,
          303.18
        ],
        [
          999.47,
          301.42
        ],
        [
          1002.86,
          301.42
        ],
        [
          1003.71,
          299.67
        ],
        [
          1011.35,
          298.79
        ],
        [
          1015.6,
          297.03
        ],
        [
          1018.99,
          295.27
        ],
        [
          1019.84,
          294.39
        ],
        [
          1021.54,
          292.64
        ],
        [
          1022.39,
          290.88
        ],
        [
          1024.08,
          290.88
        ],
        [
          1024.08,
          289.12
        ],
        [
          1025.78,
          289.12
        ],
        [
          1025.78,
          286.48
        ],
        [
          1027.48,
          286.48
        ],
        [
          1028.33,
          282.97
        ],
        [
          1030.03,
          282.97
        ],
        [
          1030.03,
          280.33
        ],
        [
          1031.72,
          280.33
        ],
        [
          1033.42,
          277.7
        ],
        [
          1034.27,
          276.82
        ],
        [
          1035.12,
          275.94
        ],
        [
          1035.97,
          274.18
        ],
        [
          1038.51,
          269.79
        ],
        [
          1040.21,
          269.79
        ],
        [
          1040.21,
          268.03
        ],
        [
          1044.46,
          265.39
        ],
        [
          1047.0,
          261.88
        ],
        [
          1050.4,
          261.0
        ],
        [
          1054.64,
          256.61
        ],
        [
          1056.34,
          256.61
        ],
        [
          1058.89,
          253.09
        ],
        [
          1060.58,
          249.58
        ],
        [
          1060.58,
          246.06
        ],
        [
          1062.28,
          243.42
        ],
        [
          1063.13,
          239.91
        ],
        [
          1064.83,
          239.91
        ],
        [
          1066.53,
          236.39
        ],
        [
          1070.77,
          234.64
        ],
        [
          1070.77,
          232.0
        ],
        [
          1072.47,
          231.12
        ],
        [
          1075.01,
          229.36
        ],
        [
          1079.26,
          226.73
        ],
        [
          1080.95,
          224.97
        ],
        [
          1084.35,
          220.58
        ],
        [
          1085.2,
          219.7
        ],
        [
          1085.2,
          211.79
        ],
        [
          1087.75,
          208.27
        ],
        [
          1087.75,
          206.52
        ],
        [
          1089.44,
          206.52
        ],
        [
          1091.14,
          203.88
        ],
        [
          1095.38,
          203.88
        ],
        [
          1096.23,
          202.12
        ],
        [
          1101.33,
          201.24
        ],
        [
          1102.17,
          199.48
        ],
        [
          1096.23,
          195.09
        ],
        [
          1095.38,
          190.7
        ],
        [
          1080.95,
          190.7
        ],
        [
          1076.71,
          181.03
        ],
        [
          1075.01,
          180.15
        ],
        [
          1073.32,
          174.88
        ],
        [
          1070.77,
          172.24
        ],
        [
          1058.89,
          173.12
        ],
        [
          1058.89,
          174.0
        ],
        [
          1050.4,
          174.0
        ],
        [
          1050.4,
          181.91
        ],
        [
          1046.15,
          182.79
        ],
        [
          1041.91,
          195.09
        ],
        [
          1038.51,
          199.48
        ],
        [
          1035.12,
          199.48
        ],
        [
          1025.78,
          205.64
        ],
        [
          1023.24,
          205.64
        ],
        [
          1013.9,
          211.79
        ],
        [
          1005.41,
          214.42
        ],
        [
          1005.41,
          216.18
        ],
        [
          994.38,
          220.58
        ],
        [
          989.28,
          224.97
        ]
      ],
      "path": "M985.04,226.73L983.34,227.61L981.64,229.36L978.25,229.36L978.25,231.12L975.70,231.12L975.70,232.00L974.00,232.00L974.00,232.88L971.46,232.88L971.46,233.76L968.91,233.76L968.06,234.64L968.06,235.52L963.82,235.52L963.82,237.27L960.42,237.27L960.42,238.15L954.48,238.15L951.09,239.91L946.84,239.91L945.99,240.79L945.99,241.67L943.45,241.67L943.45,242.55L940.90,243.42L940.90,244.30L937.51,244.30L937.51,246.06L933.26,246.06L933.26,247.82L930.72,247.82L930.72,248.70L929.02,248.70L927.32,250.45L923.92,252.21L919.68,252.21L919.68,253.09L915.44,253.09L912.89,254.85L906.95,254.85L902.70,256.61L902.70,258.36L900.16,258.36L900.16,259.24L898.46,259.24L896.76,261.00L878.09,261.00L878.09,280.33L879.79,282.09L884.03,282.09L885.73,286.48L891.67,287.36L894.22,286.48L896.76,286.48L899.31,286.48L901.86,286.48L901.86,289.12L902.70,290.88L901.86,297.03L900.16,299.67L900.16,311.97L910.34,311.97L912.89,316.36L917.13,316.36L917.13,314.61L921.38,314.61L923.92,313.73L926.47,315.48L926.47,318.12L935.81,318.12L937.51,320.76L939.20,322.52L947.69,322.52L949.39,320.76L955.33,320.76L957.03,319.00L962.12,318.12L963.82,316.36L966.37,316.36L970.61,313.73L974.00,311.97L976.55,307.58L979.95,305.82L989.28,305.82L990.98,304.06L998.62,303.18L999.47,301.42L1002.86,301.42L1003.71,299.67L1011.35,298.79L1015.60,297.03L1018.99,295.27L1019.84,294.39L1021.54,292.64L1022.39,290.88L1024.08,290.88L1024.08,289.12L1025.78,289.12L1025.78,286.48L1027.48,286.48L1028.33,282.97L1030.03,282.97L1030.03,280.33L1031.72,280.33L1033.42,277.70L1034.27,276.82L1035.12,275.94L1035.97,274.18L1038.51,269.79L1040.21,269.79L1040.21,268.03L1044.46,265.39L1047.00,261.88L1050.40,261.00L1054.64,256.61L1056.34,256.61L1058.89,253.09L1060.58,249.58L1060.58,246.06L1062.28,243.42L1063.13,239.91L1064.83,239.91L1066.53,236.39L1070.77,234.64L1070.77,232.00L1072.47,231.12L1075.01,229.36L1079.26,226.73L1080.95,224.97L1084.35,220.58L1085.20,219.70L1085.20,211.79L1087.75,208.27L1087.75,206.52L1089.44,206.52L1091.14,203.88L1095.38,203.88L1096.23,202.12L1101.33,201.24L1102.17,199.48L1096.23,195.09L1095.38,190.70L1080.95,190.70L1076.71,181.03L1075.01,180.15L1073.32,174.88L1070.77,172.24L1058.89,173.12L1058.89,174.00L1050.40,174.00L1050.40,181.91L1046.15,182.79L1041.91,195.09L1038.51,199.48L1035.12,199.48L1025.78,205.64L1023.24,205.64L1013.90,211.79L1005.41,214.42L1005.41,216.18L994.38,220.58L989.28,224.97Z"
    }
  },
  "expansionTerritories": [
    {
      "id": "eumnu_far_east_coast",
      "name": "읍루 동해안",
      "x": 1090.29,
      "y": 87.0,
      "home": 7,
      "terrainType": "plain",
      "resources": [
        "wood"
      ],
      "coordinates": [
        [
          1046.15,
          133.58
        ],
        [
          1046.15,
          149.39
        ],
        [
          1047.85,
          150.27
        ],
        [
          1047.85,
          168.73
        ],
        [
          1049.55,
          170.48
        ],
        [
          1059.73,
          170.48
        ],
        [
          1059.73,
          169.61
        ],
        [
          1074.16,
          169.61
        ],
        [
          1075.01,
          174.0
        ],
        [
          1080.95,
          182.79
        ],
        [
          1080.95,
          185.42
        ],
        [
          1084.35,
          188.94
        ],
        [
          1097.08,
          188.94
        ],
        [
          1097.08,
          190.7
        ],
        [
          1103.87,
          195.97
        ],
        [
          1107.27,
          196.85
        ],
        [
          1108.12,
          195.09
        ],
        [
          1109.81,
          195.09
        ],
        [
          1109.81,
          193.33
        ],
        [
          1115.76,
          188.94
        ],
        [
          1120.0,
          184.55
        ],
        [
          1120.0,
          0.0
        ],
        [
          1078.41,
          0.0
        ],
        [
          1076.71,
          4.39
        ],
        [
          1076.71,
          18.45
        ],
        [
          1075.01,
          22.85
        ],
        [
          1075.01,
          29.88
        ],
        [
          1070.77,
          33.39
        ],
        [
          1070.77,
          36.03
        ],
        [
          1066.53,
          40.42
        ],
        [
          1066.53,
          43.06
        ],
        [
          1060.58,
          50.97
        ],
        [
          1058.89,
          55.36
        ],
        [
          1058.89,
          72.94
        ],
        [
          1060.58,
          74.7
        ],
        [
          1060.58,
          99.3
        ],
        [
          1058.89,
          103.7
        ],
        [
          1058.89,
          116.88
        ],
        [
          1058.04,
          116.88
        ],
        [
          1058.04,
          126.55
        ],
        [
          1056.34,
          126.55
        ],
        [
          1053.79,
          130.94
        ],
        [
          1048.7,
          131.82
        ]
      ],
      "path": "M1046.15,133.58L1046.15,149.39L1047.85,150.27L1047.85,168.73L1049.55,170.48L1059.73,170.48L1059.73,169.61L1074.16,169.61L1075.01,174.00L1080.95,182.79L1080.95,185.42L1084.35,188.94L1097.08,188.94L1097.08,190.70L1103.87,195.97L1107.27,196.85L1108.12,195.09L1109.81,195.09L1109.81,193.33L1115.76,188.94L1120.00,184.55L1120.00,0.00L1078.41,0.00L1076.71,4.39L1076.71,18.45L1075.01,22.85L1075.01,29.88L1070.77,33.39L1070.77,36.03L1066.53,40.42L1066.53,43.06L1060.58,50.97L1058.89,55.36L1058.89,72.94L1060.58,74.70L1060.58,99.30L1058.89,103.70L1058.89,116.88L1058.04,116.88L1058.04,126.55L1056.34,126.55L1053.79,130.94L1048.70,131.82Z"
    }
  ],
  "landLinks": [
    [
      "연해주 북부",
      "숙신 고토"
    ],
    [
      "연해주 북부",
      "읍루 동해안"
    ],
    [
      "숙신 고토",
      "연해주 남부"
    ],
    [
      "숙신 고토",
      "읍루 동해안"
    ],
    [
      "연해주 남부",
      "읍루 동해안"
    ]
  ],
  "seaCut": {
    "description": "Blue mask is authoritative Sea. Land and Sea were simplified in the same coverage, so overlap is exactly zero.",
    "coordinates": [
      [
        1115.76,
        188.94
      ],
      [
        1110.66,
        195.09
      ],
      [
        1108.97,
        195.09
      ],
      [
        1107.27,
        196.85
      ],
      [
        1105.57,
        201.24
      ],
      [
        1101.33,
        201.24
      ],
      [
        1098.78,
        203.88
      ],
      [
        1093.69,
        203.88
      ],
      [
        1089.44,
        206.52
      ],
      [
        1087.75,
        208.27
      ],
      [
        1086.9,
        210.03
      ],
      [
        1086.9,
        217.94
      ],
      [
        1085.2,
        217.94
      ],
      [
        1085.2,
        220.58
      ],
      [
        1084.35,
        220.58
      ],
      [
        1082.65,
        224.97
      ],
      [
        1080.95,
        224.97
      ],
      [
        1080.95,
        226.73
      ],
      [
        1079.26,
        226.73
      ],
      [
        1079.26,
        228.48
      ],
      [
        1075.01,
        229.36
      ],
      [
        1075.01,
        231.12
      ],
      [
        1072.47,
        231.12
      ],
      [
        1070.77,
        233.76
      ],
      [
        1070.77,
        236.39
      ],
      [
        1065.68,
        239.91
      ],
      [
        1063.98,
        239.91
      ],
      [
        1062.28,
        243.42
      ],
      [
        1062.28,
        247.82
      ],
      [
        1060.58,
        247.82
      ],
      [
        1060.58,
        252.21
      ],
      [
        1058.89,
        253.09
      ],
      [
        1058.04,
        256.61
      ],
      [
        1056.34,
        256.61
      ],
      [
        1053.79,
        260.12
      ],
      [
        1050.4,
        261.0
      ],
      [
        1046.15,
        265.39
      ],
      [
        1044.46,
        265.39
      ],
      [
        1041.91,
        269.79
      ],
      [
        1040.21,
        269.79
      ],
      [
        1040.21,
        271.55
      ],
      [
        1035.97,
        274.18
      ],
      [
        1035.97,
        275.94
      ],
      [
        1035.12,
        275.94
      ],
      [
        1035.12,
        276.82
      ],
      [
        1034.27,
        276.82
      ],
      [
        1034.27,
        277.7
      ],
      [
        1033.42,
        277.7
      ],
      [
        1033.42,
        279.45
      ],
      [
        1031.72,
        280.33
      ],
      [
        1030.03,
        282.09
      ],
      [
        1030.03,
        283.85
      ],
      [
        1027.48,
        286.48
      ],
      [
        1025.78,
        288.24
      ],
      [
        1025.78,
        290.0
      ],
      [
        1024.93,
        290.88
      ],
      [
        1023.24,
        290.88
      ],
      [
        1021.54,
        292.64
      ],
      [
        1021.54,
        294.39
      ],
      [
        1019.84,
        294.39
      ],
      [
        1019.84,
        295.27
      ],
      [
        1018.99,
        295.27
      ],
      [
        1018.99,
        297.03
      ],
      [
        1015.6,
        297.03
      ],
      [
        1015.6,
        298.79
      ],
      [
        1011.35,
        298.79
      ],
      [
        1009.65,
        300.55
      ],
      [
        1004.56,
        301.42
      ],
      [
        1001.17,
        301.42
      ],
      [
        998.62,
        303.18
      ],
      [
        995.23,
        305.82
      ],
      [
        986.74,
        305.82
      ],
      [
        986.74,
        307.58
      ],
      [
        980.8,
        307.58
      ],
      [
        979.95,
        309.33
      ],
      [
        974.0,
        311.97
      ],
      [
        974.0,
        313.73
      ],
      [
        970.61,
        313.73
      ],
      [
        968.06,
        316.36
      ],
      [
        965.52,
        316.36
      ],
      [
        962.12,
        318.12
      ],
      [
        962.12,
        319.88
      ],
      [
        957.88,
        320.76
      ],
      [
        953.63,
        320.76
      ],
      [
        951.94,
        322.52
      ],
      [
        945.99,
        322.52
      ],
      [
        945.99,
        324.27
      ],
      [
        938.35,
        324.27
      ],
      [
        937.51,
        320.76
      ],
      [
        935.81,
        320.76
      ],
      [
        935.81,
        318.12
      ],
      [
        924.77,
        318.12
      ],
      [
        923.92,
        313.73
      ],
      [
        921.38,
        314.61
      ],
      [
        919.68,
        316.36
      ],
      [
        911.19,
        316.36
      ],
      [
        909.5,
        311.97
      ],
      [
        899.31,
        311.97
      ],
      [
        899.31,
        299.67
      ],
      [
        900.16,
        299.67
      ],
      [
        901.01,
        290.88
      ],
      [
        902.7,
        290.88
      ],
      [
        901.86,
        289.12
      ],
      [
        899.31,
        286.48
      ],
      [
        896.76,
        286.48
      ],
      [
        889.97,
        290.0
      ],
      [
        882.33,
        298.79
      ],
      [
        872.15,
        298.79
      ],
      [
        868.75,
        295.27
      ],
      [
        864.51,
        295.27
      ],
      [
        861.11,
        300.55
      ],
      [
        858.57,
        301.42
      ],
      [
        857.72,
        304.94
      ],
      [
        855.17,
        305.82
      ],
      [
        855.17,
        310.21
      ],
      [
        849.23,
        311.97
      ],
      [
        849.23,
        318.12
      ],
      [
        847.53,
        320.76
      ],
      [
        843.29,
        322.52
      ],
      [
        840.74,
        326.91
      ],
      [
        839.89,
        332.18
      ],
      [
        826.31,
        333.06
      ],
      [
        826.31,
        334.82
      ],
      [
        818.67,
        334.82
      ],
      [
        816.13,
        329.55
      ],
      [
        810.18,
        331.3
      ],
      [
        816.13,
        338.33
      ],
      [
        818.67,
        338.33
      ],
      [
        818.67,
        345.36
      ],
      [
        1120.0,
        345.36
      ],
      [
        1120.0,
        186.3
      ]
    ],
    "path": "M1115.76,188.94L1110.66,195.09L1108.97,195.09L1107.27,196.85L1105.57,201.24L1101.33,201.24L1098.78,203.88L1093.69,203.88L1089.44,206.52L1087.75,208.27L1086.90,210.03L1086.90,217.94L1085.20,217.94L1085.20,220.58L1084.35,220.58L1082.65,224.97L1080.95,224.97L1080.95,226.73L1079.26,226.73L1079.26,228.48L1075.01,229.36L1075.01,231.12L1072.47,231.12L1070.77,233.76L1070.77,236.39L1065.68,239.91L1063.98,239.91L1062.28,243.42L1062.28,247.82L1060.58,247.82L1060.58,252.21L1058.89,253.09L1058.04,256.61L1056.34,256.61L1053.79,260.12L1050.40,261.00L1046.15,265.39L1044.46,265.39L1041.91,269.79L1040.21,269.79L1040.21,271.55L1035.97,274.18L1035.97,275.94L1035.12,275.94L1035.12,276.82L1034.27,276.82L1034.27,277.70L1033.42,277.70L1033.42,279.45L1031.72,280.33L1030.03,282.09L1030.03,283.85L1027.48,286.48L1025.78,288.24L1025.78,290.00L1024.93,290.88L1023.24,290.88L1021.54,292.64L1021.54,294.39L1019.84,294.39L1019.84,295.27L1018.99,295.27L1018.99,297.03L1015.60,297.03L1015.60,298.79L1011.35,298.79L1009.65,300.55L1004.56,301.42L1001.17,301.42L998.62,303.18L995.23,305.82L986.74,305.82L986.74,307.58L980.80,307.58L979.95,309.33L974.00,311.97L974.00,313.73L970.61,313.73L968.06,316.36L965.52,316.36L962.12,318.12L962.12,319.88L957.88,320.76L953.63,320.76L951.94,322.52L945.99,322.52L945.99,324.27L938.35,324.27L937.51,320.76L935.81,320.76L935.81,318.12L924.77,318.12L923.92,313.73L921.38,314.61L919.68,316.36L911.19,316.36L909.50,311.97L899.31,311.97L899.31,299.67L900.16,299.67L901.01,290.88L902.70,290.88L901.86,289.12L899.31,286.48L896.76,286.48L889.97,290.00L882.33,298.79L872.15,298.79L868.75,295.27L864.51,295.27L861.11,300.55L858.57,301.42L857.72,304.94L855.17,305.82L855.17,310.21L849.23,311.97L849.23,318.12L847.53,320.76L843.29,322.52L840.74,326.91L839.89,332.18L826.31,333.06L826.31,334.82L818.67,334.82L816.13,329.55L810.18,331.30L816.13,338.33L818.67,338.33L818.67,345.36L1120.00,345.36L1120.00,186.30Z"
  },
  "snap": {
    "method": "authoritative-river-body-reclaim + exact half-plane split",
    "curveSampling": "quadratic bezier sampled at 4 segments per Q command",
    "sharedEdgeGuarantee": "channel is partitioned exactly once before territory union; no overlap and no unassigned reclaimed-water area",
    "lakeGuarantee": "the complete original lake subpath is contained by 숙신 고토"
  },
  "reclaimedWaterBodies": [
    {
      "id": "sushin_west_lake_v143",
      "name": "숙신 고토 서측 호수 매립",
      "action": "remove-water-and-merge-into-territory",
      "territory": "숙신 고토",
      "source": "GEOGRAPHY.rivers",
      "sourceSubpathIndex": 54,
      "bbox": [
        852.5,
        128.5,
        907.5,
        204.5
      ],
      "removeFromGeographyRivers": true,
      "allocation": "100% 숙신 고토"
    },
    {
      "id": "primorye_upper_channel_v143",
      "name": "숙신-연해주 북부 상단 수로 매립",
      "action": "remove-water-and-split-land",
      "territories": [
        "숙신 고토",
        "연해주 북부"
      ],
      "source": "GEOGRAPHY.rivers",
      "sourceSubpathIndex": 21,
      "bbox": [
        937.5,
        59.5,
        966.5,
        167.5
      ],
      "removeFromGeographyRivers": true,
      "splitX": 952.0,
      "allocation": "x < 952.0 => 숙신 고토 / x >= 952.0 => 연해주 북부"
    }
  ]
};
  global.SAMGUK_EUMNU_MAP_DATA_V143=Object.freeze(EUMNU_DATA);
  global.SAMGUK_EUMNU_MAP_DATA_V142=global.SAMGUK_EUMNU_MAP_DATA_V143;
  global.SAMGUK_EUMNU_MAP_DATA_V141=global.SAMGUK_EUMNU_MAP_DATA_V143;
  global.SAMGUK_EUMNU_MAP_DATA_V136=global.SAMGUK_EUMNU_MAP_DATA_V143;
  global.SAMGUK_EUMNU_MAP_DATA_V135=global.SAMGUK_EUMNU_MAP_DATA_V143;

  function pathFromCoordinates(coords){
    if(!Array.isArray(coords)||coords.length<3)return '';
    return 'M'+coords.map((p,i)=>`${i?'L':''}${Number(p[0]).toFixed(2)},${Number(p[1]).toFixed(2)}`).join('')+'Z';
  }

  function findTerritoryIndexByName(name){
    return world.territories.findIndex(t=>String(t?.name||'')===String(name));
  }

  function applyBaseEumnuOverrides(){
    const overrides=EUMNU_DATA.baseTerritoryOverrides||{};
    for(const [name,patch] of Object.entries(overrides)){
      const i=findTerritoryIndexByName(name);
      if(i<0)continue;
      const t=world.territories[i];
      if(Number.isFinite(Number(patch.x)))t.x=Number(patch.x);
      if(Number.isFinite(Number(patch.y)))t.y=Number(patch.y);
      const rebuilt=pathFromCoordinates(patch.coordinates);
      if(rebuilt)t.path=rebuilt; else if(typeof patch.path==='string'&&patch.path.trim())t.path=patch.path;
      t.mapGeometryRevision='v143-eumnu-water-reclaim';
    }
  }

  function applyBaseDongjinOverrides(){
    const overrides=dongjin.baseTerritoryOverrides||{};
    for(const [name,patch] of Object.entries(overrides)){
      const i=findTerritoryIndexByName(name);
      if(i<0)continue;
      const t=world.territories[i];
      if(Number.isFinite(Number(patch.x)))t.x=Number(patch.x);
      if(Number.isFinite(Number(patch.y)))t.y=Number(patch.y);
      if(typeof patch.path==='string'&&patch.path.trim())t.path=patch.path;
      t.mapGeometryRevision='v140-dongjin-janggang-boundary';
    }
  }

  // Apply base geometry overrides before rebuilding the physical land silhouette.
  // This guarantees that blue-cut sea areas cannot survive in BASE_LAND_PATH.
  applyBaseEumnuOverrides();
  applyBaseDongjinOverrides();

  const START_INDEX=world.territories.length;
  const waterSet=new Set(Array.isArray(world.waterTerritoryIds)?world.waterTerritoryIds.map(Number):[]);
  const BASE_LAND_PATH=world.territories.map((t,i)=>{
    if(!t||t.inactive||waterSet.has(i))return '';
    return typeof t.path==='string'?t.path:'';
  }).join('');

  const NON_JAPAN_TERRITORIES=[
    // v135: old 읍루 극동 북부 / 읍루 동북 해안 / 읍루 극동 중부 are deliberately gone.
    // Only the right-most guide territory remains as '읍루 동해안'.
    ...EUMNU_DATA.expansionTerritories.map(t=>({...t,resources:Array.isArray(t.resources)?t.resources.slice():[]})),

    // 동진 / 강남 확장 — v137 guide split.
    // 강남 중부/남해 3개 확장 노드는 제거하고 강남 서부/동부 2개로 정리한다.
    ...dongjin.expansionTerritories.map(t=>({...t,resources:Array.isArray(t.resources)?t.resources.slice():[]}))
  ];

  const TERRITORIES=[...NON_JAPAN_TERRITORIES,...japan.territories.map(t=>({...t,resources:Array.isArray(t.resources)?t.resources.slice():[]}))];

  const NON_JAPAN_LAND_LINKS=[
    ...EUMNU_DATA.landLinks.map(pair=>pair.slice()),
    ...dongjin.landLinks.map(pair=>pair.slice())
  ];

  const LAND_LINKS=[...NON_JAPAN_LAND_LINKS,...japan.landLinks.map(pair=>pair.slice())];
  const SEA_LINKS=japan.seaLinks.map(pair=>pair.slice());
  const TERRAIN_RULES=TERRITORIES.map(()=>({kind:'plain',river:false}));

  function routeKey(a,b){return [Number(a),Number(b)].sort((x,y)=>x-y).join('-')}
  function nameMap(){return new Map(world.territories.map((t,i)=>[String(t?.name||''),i]))}
  function ensureNeighborSlot(){while(world.neighbors.length<world.territories.length)world.neighbors.push([])}
  function addNeighbor(a,b){
    if(!Number.isInteger(a)||!Number.isInteger(b)||a<0||b<0||a===b)return false;
    ensureNeighborSlot();
    if(!world.neighbors[a].includes(b))world.neighbors[a].push(b);
    if(!world.neighbors[b].includes(a))world.neighbors[b].push(a);
    world.neighbors[a].sort((x,y)=>x-y);
    world.neighbors[b].sort((x,y)=>x-y);
    return true;
  }
  function addSeaRoute(a,b){
    if(!Array.isArray(world.seaRoutes))world.seaRoutes=[];
    const key=routeKey(a,b);
    if(!world.seaRoutes.some(pair=>Array.isArray(pair)&&pair.length>=2&&routeKey(pair[0],pair[1])===key)){
      world.seaRoutes.push([Math.min(a,b),Math.max(a,b)]);
    }
    return addNeighbor(a,b);
  }
  function addNamedLinks(links,sea=false){
    const ids=nameMap();
    for(const [from,to] of links){
      const a=ids.get(from),b=ids.get(to);
      if(!Number.isInteger(a)||!Number.isInteger(b))continue;
      if(sea)addSeaRoute(a,b);else addNeighbor(a,b);
    }
  }

  for(const entry of TERRITORIES){
    if(world.territories.some(t=>String(t?.id||'')===entry.id||String(t?.name||'')===entry.name))continue;
    world.territories.push({
      id:entry.id,name:entry.name,x:entry.x,y:entry.y,home:entry.home,path:pathFromCoordinates(entry.coordinates)||entry.path,
      resources:Array.isArray(entry.resources)?entry.resources.slice():[],terrainType:entry.terrainType||null,mapExpansion:'v143'
    });
    world.neighbors.push([]);
  }

  // SVG/Canvas land silhouette uses the corrected base polygons + expansion polygons only.
  // This removes the old blue coastal wedge physically instead of painting sea over stale land.
  world.baseLandPath=BASE_LAND_PATH;
  world.landPath=BASE_LAND_PATH+TERRITORIES.map(t=>t.path).join('');

  addNamedLinks(LAND_LINKS,false);
  addNamedLinks(SEA_LINKS,true);

  const seaSet=new Set((world.seaRoutes||[]).map(pair=>routeKey(pair[0],pair[1])));
  for(let i=0;i<world.territories.length;i++){
    const territory=world.territories[i];
    const connected=Array.isArray(world.neighbors[i])?world.neighbors[i].slice().sort((a,b)=>a-b):[];
    territory.connectedRoutes=connected;
    territory.connectedSeaRoutes=connected.filter(j=>seaSet.has(routeKey(i,j)));
  }

  world.minX=Math.min(Number.isFinite(Number(world.minX))?Number(world.minX):-180.5,-180.5);
  world.minY=Math.min(Number.isFinite(Number(world.minY))?Number(world.minY):-.5,-.5);
  world.width=Math.max(Number(world.width)||0,1301.25);
  world.height=Math.max(Number(world.height)||0,1271.0);
  world.expandedBounds=Object.freeze({minX:-180.5,minY:-.5,maxX:1120.75,maxY:1270.5,width:1301.25,height:1271.0});
  world.__mapExpansionV125Applied=true;

  function territoryId(name){return nameMap().get(String(name))}
  function canMoveSeaRoute(a,b){
    const x=Number(a),y=Number(b);
    if(!Number.isInteger(x)||!Number.isInteger(y)||x===y)return false;
    if(!world.territories[x]||!world.territories[y])return false;
    return seaSet.has(routeKey(x,y));
  }
  function connectedRoutes(id){
    const i=Number(id);
    return Number.isInteger(i)&&Array.isArray(world.neighbors[i])?world.neighbors[i].slice():[];
  }
  function appendTerrainRules(target){
    if(!target||!Array.isArray(target.areas))return false;
    for(let i=0;i<TERRAIN_RULES.length;i++){
      const targetIndex=START_INDEX+i;
      if(!target.areas[targetIndex])target.areas[targetIndex]={...TERRAIN_RULES[i]};
    }
    while(target.areas.length<world.territories.length)target.areas.push({kind:'plain',river:false});
    return true;
  }

  global.SAMGUK_MAP_EXPANSION_V125=Object.freeze({
    version:143,startIndex:START_INDEX,addedCount:world.territories.length-START_INDEX,
    territoryNames:Object.freeze(TERRITORIES.map(t=>t.name)),
    landLinks:Object.freeze(LAND_LINKS.map(x=>Object.freeze(x.slice()))),
    seaLinks:Object.freeze(SEA_LINKS.map(x=>Object.freeze(x.slice()))),
    terrainRules:Object.freeze(TERRAIN_RULES.map(x=>Object.freeze({...x}))),
    geometryRevision:'v143-eumnu-water-reclaim-dongjin-v140-preserved',
    removedEumnuIds:Object.freeze(EUMNU_DATA.removedExpansionTerritories.map(x=>x.id)),
    removedEumnuNames:Object.freeze(EUMNU_DATA.removedExpansionTerritories.map(x=>x.name)),
    removedDongjinIds:Object.freeze((dongjin.removedExpansionTerritories||[]).map(x=>x.id)),
    removedDongjinNames:Object.freeze((dongjin.removedExpansionTerritories||[]).map(x=>x.name)),
    dongjinRiver:Object.freeze({...dongjin.river}),
    territoryId,canMoveSeaRoute,connectedRoutes,appendTerrainRules,bounds:world.expandedBounds
  });
})(window);

### FILE: map.js (FULL REPLACEMENT)

'use strict';
// Geographic vectors come from the supplied atlas; labels are separate text.

// Non-blocking Hangul text labels, with a narrow halo for contrast.
const ATLAS_LABELS=[
 [4,1,214,160,48],[6,470,184,104,37],[7,760,140,96,45],
 [8,30,370,193,88],[0,428,458,242,58],[1,473,871,154,48],[2,631,873,83,42],
 [3,575,921,101,48],[9,8,806,210,51],[10,0,1024,188,95],[11,759,1077,80,50],
 [12,495,1068,96,35],[13,787,750,92,45]
];
function koreanAtlasLabels(){const sizeFactor=Math.max(.015,Math.min(1,mapView[2]/700));return '<g id="atlas-labels" class="atlas-labels large-country-names" pointer-events="none" style="opacity:var(--large-country-name-opacity,1);will-change:opacity">'+ATLAS_LABELS.filter(([k])=>count(k)>0).map(([k,x,y,w,h])=>`<text x="${x+w/2}" y="${y+h/2+7}" text-anchor="middle" fill="#fff9e7" stroke="#193645" stroke-width="2.8" stroke-opacity=".85" paint-order="stroke fill" font-size="${(w<100?21:26)*sizeFactor}" font-weight="700" font-family="sans-serif">${K[k].name}</text>`).join('')+'</g>'}
const LABEL_OFFSETS={"68": [-16, 0], "71": [-16, 0], "72": [0, 14], "99": [0, -26]};
const mapBounds=()=>window.SAMGUK_WORLD_MAP_BOUNDS;
const FULL_MAP=(mapBounds()?.fullView?.()||[WORLD.minX||0,WORLD.minY||0,WORLD.width,WORLD.height]),KOREA_MAP=[405,640,325,390];
let mapView=[...FULL_MAP],mapDragged=false,dragState=null,referenceMode=false,specialtyMode=false;
const mapReduced=()=>window.matchMedia('(prefers-reduced-motion: reduce)').matches;
function sanitizeMapView(v){return mapBounds()?.clampView?.(v)||v}
function resetMap(){mapView=sanitizeMapView([...FULL_MAP]);referenceMode=false;specialtyMode=false;document.body?.classList.remove('specialty-map-mode');try{MAP_RENDER_STATE.initialized=false}catch(_e){}}
function centerMap(){window.SAMGUK_SMOOTH_MAP_ZOOM?.cancel?.();const cfg=window.SAMGUK_MAP_ZOOM_CONFIG||{};mapView=mapBounds()?.viewForZoom?.(Number(cfg.defaultZoom)||1)||mapBounds()?.fullView?.()||[...FULL_MAP];dragState=null;applyView({rafSafe:true,refreshUI:true,sharp:true});return [...mapView]}
window.centerMap=centerMap;
function applyView({rafSafe=false,refreshUI=false,sharp=false}={}){const svg=document.getElementById('map'),gpu=window.SAMGUK_GPU_MAP_CAMERA;let applied=false;if(gpu?.setView)applied=gpu.setView(mapView,{immediate:!!rafSafe,sharp:!!sharp});if(!applied){svg.setAttribute('viewBox',mapView.join(' '));document.getElementById('mapUiOverlay')?.setAttribute('viewBox',mapView.join(' '));document.dispatchEvent(new CustomEvent('samguk:map-view-changed',{detail:{view:[...mapView]}}))}if(refreshUI)window.SAMGUK_MAP_UI_OVERLAY?.scheduleRefresh?.()}
function setView(v){window.SAMGUK_SMOOTH_MAP_ZOOM?.cancel?.();mapView=sanitizeMapView(v);dragState=null;applyView({rafSafe:true,refreshUI:true,sharp:true})}
function focusRegion(i){const s=seeds[i],same=seeds.filter((r,j)=>j!==i&&r[3]===s[3]),nearest=same.length?Math.min(...same.map(r=>Math.hypot(r[1]-s[1],r[2]-s[2]))):90,w=Math.max(22,Math.min(310,nearest*5)),b=mapBounds()?.referenceBounds?.()||mapBounds()?.bounds?.(),desiredZoom=b?b.w/w:2.2,z=mapBounds()?.clampZoom?.(desiredZoom)??desiredZoom;setView(mapBounds()?.viewForZoom?.(z,[s[1],s[2]])||[s[1]-w/2,s[2]-w/2,w,w])}
function computeZoomView(view,factor,anchor){const bounds=mapBounds();if(bounds?.zoomViewByFactor)return bounds.zoomViewByFactor(view,factor,anchor);let [x,y,w,h]=view;const safeFactor=Number.isFinite(Number(factor))&&Number(factor)>0?Number(factor):1;const cfg=window.SAMGUK_MAP_ZOOM_CONFIG||{};const minZoom=Math.max(.01,Number(cfg.minZoom)||.5),maxZoom=Math.max(minZoom,Number(cfg.maxZoom)||15.0),worldW=Math.max(1,Number(WORLD.width)||1150),currentZoom=worldW/Math.max(1e-6,w),targetZoom=Math.min(maxZoom,Math.max(minZoom,currentZoom/safeFactor)),scale=currentZoom/targetZoom,nw=w*scale,nh=h*scale;const p=Array.isArray(anchor)&&Number.isFinite(anchor[0])&&Number.isFinite(anchor[1])?anchor:[x+w/2,y+h/2];return sanitizeMapView([p[0]-(p[0]-x)*scale,p[1]-(p[1]-y)*scale,nw,nh])}
function zoomMap(factor,anchor){if(window.SAMGUK_SMOOTH_MAP_ZOOM?.requestZoom?.(factor,anchor))return;setView(computeZoomView(mapView,factor,anchor))}
window.zoomMap=zoomMap;
window.SAMGUK_MAP_CAMERA_API={getView:()=>[...mapView],getZoomLevel:view=>mapBounds()?.zoomLevel?.(view||mapView)??1,viewForZoom:(zoom,center)=>mapBounds()?.viewForZoom?.(zoom,center)||[...FULL_MAP],computeZoomView:(view,factor,anchor)=>computeZoomView(view,factor,anchor),clampView:view=>sanitizeMapView(view),clientToWorld:(clientX,clientY,view)=>window.SAMGUK_GPU_MAP_CAMERA?.clientToWorld?.(clientX,clientY,view||mapView)||null,screenDeltaToWorld:(dx,dy,view)=>window.SAMGUK_GPU_MAP_CAMERA?.screenDeltaToWorld?.(dx,dy,view||mapView)||[0,0],centerMap:()=>centerMap(),resetZoom:(zoom=1,center)=>{const next=mapBounds()?.viewForZoom?.(zoom,center)||[...FULL_MAP];setView(next);return [...mapView]},applyInterpolatedView:view=>{if(!Array.isArray(view)||view.length!==4||view.some(v=>!Number.isFinite(v))||view[2]<=0||view[3]<=0)return false;mapView=sanitizeMapView(view);dragState=null;applyView({rafSafe:true,refreshUI:false,sharp:false});return true},commitView:view=>{if(!Array.isArray(view)||view.length!==4||view.some(v=>!Number.isFinite(v))||view[2]<=0||view[3]<=0)return false;mapView=sanitizeMapView(view);dragState=null;applyView({rafSafe:true,refreshUI:true,sharp:true});return true}};
function svgPoint(e){const gpu=window.SAMGUK_GPU_MAP_CAMERA,p=gpu?.clientToWorld?.(e.clientX,e.clientY,mapView);if(p)return{x:p[0],y:p[1]};const q=document.getElementById('map').createSVGPoint();q.x=e.clientX;q.y=e.clientY;const ctm=document.getElementById('map').getScreenCTM();return q.matrixTransform(ctm.inverse())}
function initMapControls(){const svg=document.getElementById('map'),viewport=document.getElementById('mapViewport')||svg;const zoomIn=document.getElementById('zoomIn'),zoomOut=document.getElementById('zoomOut'),referenceButton=document.getElementById('mapReference'),specialtyButton=document.getElementById('mapSpecialty');if(zoomIn)zoomIn.onclick=()=>zoomMap(.8);if(zoomOut)zoomOut.onclick=()=>zoomMap(1.25);if(referenceButton)referenceButton.onclick=()=>{if(busy)return;referenceMode=!referenceMode;if(referenceMode)specialtyMode=false;drawMap('reference-mode')};if(specialtyButton)specialtyButton.onclick=()=>{if(busy)return;specialtyMode=!specialtyMode;if(specialtyMode)referenceMode=false;document.body.classList.toggle('specialty-map-mode',specialtyMode);drawMap('specialty-mode');window.SAMGUK_FACTION_LABEL_SPRITE?.scheduleDraw?.('specialty-mode')};if(!window.SAMGUK_WHEEL_ZOOM?.bind?.(viewport)){viewport.addEventListener('wheel',e=>{e.preventDefault();const p=svgPoint(e);zoomMap(e.deltaY>0?1.15:.87,[p.x,p.y])},{passive:false})}viewport.addEventListener('pointerdown',e=>{if(e.button!==0)return;mapDragged=false;const p=svgPoint(e);dragState={id:e.pointerId,x:e.clientX,y:e.clientY,point:p,view:[...mapView]};});viewport.addEventListener('pointermove',e=>{if(!dragState)return;const dx=e.clientX-dragState.x,dy=e.clientY-dragState.y;if(Math.hypot(dx,dy)>5){mapDragged=true;viewport.setPointerCapture?.(e.pointerId);const delta=window.SAMGUK_GPU_MAP_CAMERA?.screenDeltaToWorld?.(dx,dy,dragState.view)||[dx*(dragState.view[2]/Math.max(1,viewport.clientWidth)),dy*(dragState.view[3]/Math.max(1,viewport.clientHeight))];mapView=sanitizeMapView([dragState.view[0]-delta[0],dragState.view[1]-delta[1],dragState.view[2],dragState.view[3]]);applyView({rafSafe:false,refreshUI:false})}});const release=()=>{const hadDrag=!!dragState;dragState=null;if(hadDrag&&mapDragged)applyView({rafSafe:true,refreshUI:false,sharp:true})};viewport.addEventListener('pointerup',release);window.addEventListener('pointerup',release);viewport.addEventListener('pointercancel',()=>{mapDragged=true;release()});}
function troopLabelScale(n){return n<50?.94:n<100?1:1.06}
function centerBattle(i){const s=seeds[i];setView([s[1]-mapView[2]/2,s[2]-mapView[3]/2,mapView[2],mapView[3]])}
function markerScale(){return Math.max(.018,Math.min(1,mapView[2]/650))}
function routeData(i,j){const a=seeds[i],b=seeds[j],dx=b[1]-a[1],dy=b[2]-a[2],len=Math.hypot(dx,dy)||1;const bend=Math.min(30,len*.13);return {a:[a[1],a[2]],b:[b[1],b[2]],c:[(a[1]+b[1])/2-dy/len*bend,(a[2]+b[2])/2+dx/len*bend]}}
function routePath(r){return `M${r.a} Q${r.c} ${r.b}`}
function routePosition(r,t){return [(1-t)**2*r.a[0]+2*(1-t)*t*r.c[0]+t*t*r.b[0],(1-t)**2*r.a[1]+2*(1-t)*t*r.c[1]+t*t*r.b[1]]}
// v67: 일반 지도에서 해상 이동 가능 연결을 은은한 청색 점선으로 항상 표시한다.
// SeaNode/닻 마커는 만들지 않고, 실제 이동 그래프(WORLD.seaRoutes)의 육지↔육지 연결만 시각화한다.
function seaConnectionNetworkMarkup(){
 const routes=Array.isArray(WORLD.seaRoutes)?WORLD.seaRoutes:[],seen=new Set(),paths=[];
 for(const pair of routes){
  if(!Array.isArray(pair)||pair.length<2)continue;
  const a=Number(pair[0]),b=Number(pair[1]);
  if(!Number.isInteger(a)||!Number.isInteger(b)||a===b||!seeds[a]||!seeds[b])continue;
  const key=a<b?`${a}-${b}`:`${b}-${a}`;if(seen.has(key))continue;seen.add(key);
  const r=routeData(a,b),d=routePath(r);
  // 바다 위에서만 보이도록 영토 폴리곤보다 먼저 그린다. 육지 구간은 뒤의 영토 fill에 가려진다.
  // 짧은 둥근 dash + 넓은 gap으로 참고 이미지처럼 가볍고 정돈된 항로를 만든다.
  paths.push(`<path class="sea-route-shadow" d="${d}" fill="none" stroke="#2f6f86" stroke-width="1.9" opacity=".28" stroke-dasharray="5 8" stroke-linecap="round" stroke-linejoin="round" vector-effect="non-scaling-stroke"/><path class="sea-route-link" d="${d}" fill="none" stroke="#5793a8" stroke-width="1.05" opacity=".80" stroke-dasharray="5 8" stroke-linecap="round" stroke-linejoin="round" vector-effect="non-scaling-stroke"/>`);
 }
 return `<g id="sea-route-network" class="sea-route-network" pointer-events="none" aria-label="해상 이동 가능 점선 경로">${paths.join('')}</g>`;
}
window.SAMGUK_SEA_ROUTE_NETWORK={markup:seaConnectionNetworkMarkup,routeCount:()=>new Set((WORLD.seaRoutes||[]).map(p=>Array.isArray(p)&&p.length>=2?[Number(p[0]),Number(p[1])].sort((x,y)=>x-y).join('-'):null).filter(Boolean)).size};
function drawSeaRoutes(){return seaConnectionNetworkMarkup()}
window.drawSeaRoutes=drawSeaRoutes;
function labelZoom(){return 600/mapView[2]}
function labelMetrics(z=labelZoom()){return {compact:z<=.55,showCapital:z>=.45,label:Math.max(9,Math.min(14,4+10*z)),troops:Math.max(9,Math.min(13,3+10*z)),flag:z<=.3?15:z<=.4?15+(z-.3)*30:Math.min(21,18+(z-.4)*20),capital:z>=1?40:z>=.8?34:z>=.6?28:z>=.45?24:0,resource:z>=1?20:z>=.8?18:z>=.6?16:z>=.45?14:0}}
function territoryPlaceNameStyle(name,baseSize){
 const glyphs=Math.max(1,Array.from(String(name||'')).length),maxWidth=118,estimate=glyphs*Math.max(1,baseSize)*.92;
 const fontSize=estimate>maxWidth?Math.max(9,baseSize*(maxWidth/estimate)):baseSize;
 return `font-size:${fontSize.toFixed(2)}px;text-rendering:geometricPrecision`;
}
function resourceLabels(r,m,y){if(!m.resource||!r.resources.length)return '';const columns=Math.max(1,Math.floor(86/(m.resource*1.35))),rows=Math.ceil(r.resources.length/columns);return Array.from({length:rows},(_,row)=>`<text class="resource-icons" x="0" y="${y+row*(m.resource+4)}" text-anchor="middle" style="font-size:${m.resource}px;stroke:none">${r.resources.slice(row*columns,(row+1)*columns).map(x=>RESOURCE_ICONS[x]).join(' ')}</text>`).join('')}
function territoryLabelCenter(i){const r=regions?.[i],c=r?.center||window.SAMGUK_REGION_GEOMETRY?.territoryCenter?.(i);if(c&&Number.isFinite(Number(c.x))&&Number.isFinite(Number(c.y)))return[Number(c.x),Number(c.y)];const s=seeds[i];return s?[s[1],s[2]]:[0,0]}
function territoryHudScreenOffsetY(i,m=labelMetrics()){
 const r=regions?.[i];if(!r)return 0;
 const shanhaiguan=window.SAMGUK_SHANHAIGUAN;
 if(shanhaiguan?.isPassTerritory?.(i)){
  const pass=regions?.[i]||{};
  const passAnchor=Number.isFinite(Number(pass.badgeAnchorY))?Number(pass.badgeAnchorY):Number(shanhaiguan.badgeAnchorY)||32;
  return Math.max(20,passAnchor);
 }
 const cityUI=window.SAMGUK_CITY_SPRITES;
 const cityLayout=cityUI?.layoutFor?.(i,m,{compact:m.compact})||{visible:false,height:0,top:0,bottom:0};
 const hasCityVisual=!!cityLayout.visible;
 if(m.compact)return hasCityVisual?cityLayout.bottom+10:0;
 const zoomRatio=Number(window.SAMGUK_GPU_MAP_CAMERA?.getSnapshot?.()?.zoomRatio)||1;
 const tuned=window.SAMGUK_REGION_COMPOSITE_UI?.gapsForZoom?.(zoomRatio)||{};
 const cityToResource=Number.isFinite(Number(tuned.cityToResource))?Number(tuned.cityToResource):6;
 const resourceToTroop=hasCityVisual&&Number.isFinite(Number(tuned.resourceToTroop))?Number(tuned.resourceToTroop):11;
 const cityToTroop=hasCityVisual&&Number.isFinite(Number(tuned.cityToTroop))?Number(tuned.cityToTroop):14;
 const gap=m.resource+4,resourceColumns=Math.max(1,Math.floor(86/(m.resource*1.35))),resourceRows=r.resources.length?Math.ceil(r.resources.length/resourceColumns):0;
 const resourceY=hasCityVisual?cityLayout.bottom+cityToResource:gap;
 return resourceRows?resourceY+(resourceRows-1)*(m.resource+4)+Math.max(14,m.resource+resourceToTroop):(hasCityVisual?cityLayout.bottom+cityToTroop:m.label+15);
}
window.SAMGUK_TERRITORY_HUD_LAYOUT={
 getCenter:i=>{const c=territoryLabelCenter(i);return{x:c[0],y:c[1]}},
 getOffsetY:i=>territoryHudScreenOffsetY(i),
 getMetrics:()=>labelMetrics()
};
function specialtyResourceLabels(){
 return regions.map((r,i)=>{
  if(!isActiveTerritory(i)||!Array.isArray(r.resources)||!r.resources.length)return '';
  const center=territoryLabelCenter(i),icons=r.resources.map(x=>RESOURCE_ICONS?.[x]||'◆').join(' ');
  const title=r.resources.map(x=>(typeof RESOURCE_NAMES!=='undefined'&&RESOURCE_NAMES?.[x])||x).join(' · ');
  return `<g class="specialty-map-marker" data-id="${i}" transform="translate(${center[0].toFixed(3)} ${center[1].toFixed(3)})" pointer-events="none"><g class="territory-screen-space specialty-screen-space"><text class="specialty-map-icons" x="0" y="0" text-anchor="middle" dominant-baseline="central" aria-label="${title}">${icons}</text></g></g>`;
 }).join('');
}
window.SAMGUK_SPECIALTY_MAP_MODE={isActive:()=>specialtyMode,setActive:value=>{const next=!!value;if(next===specialtyMode)return specialtyMode;specialtyMode=next;if(specialtyMode)referenceMode=false;document.body.classList.toggle('specialty-map-mode',specialtyMode);drawMap('specialty-mode-api');window.SAMGUK_FACTION_LABEL_SPRITE?.scheduleDraw?.('specialty-mode-api');return specialtyMode;}};
function territoryLabels(){
 if(specialtyMode)return specialtyResourceLabels();
 const svg=document.getElementById('map'),camera=window.SAMGUK_GPU_MAP_CAMERA?.getSnapshot?.(),pixels=camera?.pixelsPerWorldUnit||1000/mapView[2],m=labelMetrics();
 const zoomRatio=Number(camera?.zoomRatio)||1;
 const visibilitySystem=window.SAMGUK_VISIBILITY;
 const currentZoom=Number(window.SAMGUK_MAP_CAMERA_API?.getZoomLevel?.(mapView))||zoomRatio||1;
 const lowDetail=visibilitySystem?.isLowDetail?.(currentZoom)??(currentZoom<2.5);
 const compositeGaps=window.SAMGUK_REGION_COMPOSITE_UI?.gapsForZoom?.(zoomRatio)||{cityToResource:6};
 if(m.showCapital)m.capital=Math.max(m.capital,Math.min(96,11*pixels*1.4));
 const hud=window.SAMGUK_FACTION_TROOP_HUD;
 const badge=(i,y,compact=false)=>{
  const r=regions[i],f=K[r.owner];
  if(hud?.territoryMarkup)return hud.territoryMarkup(i,{faction:f,troops:r.troops,x:0,y,compact});
  return `<text class="troop" x="0" y="${y}" style="font-size:${m.troops}px">${r.troops}</text>`;
 };
 return regions.map((r,i)=>{
  if(!isActiveTerritory(i))return '';
  const visibility='VISIBLE';
  const showTroopLabel=visibilitySystem?.canSeeTroopLabel?.(i)??true;
  const center=territoryLabelCenter(i),selectedHere=selected===i,capital=isCapital(i),offset=[0,0];
  const cityUI=window.SAMGUK_CITY_SPRITES;
  const cityLayout=cityUI?.layoutFor?.(i,m,{compact:m.compact})||{visible:false,height:0,top:0,bottom:0};
  const hasCityVisual=!!cityLayout.visible;
  const islandCity=!!(hasCityVisual&&cityUI?.isIslandOverride?.(i));
  const capitalTier=capital?(window.SAMGUK_CAPITAL_UPGRADE?.tierForLevel?.(cityLayout.state?.capitalLevel||r.capitalLevel||1)||'lv1'):null;
  const capitalTierClass=capital?` capital-tier-${capitalTier}`:'';
  const visionClass=' vision-visible';
  const aria=showTroopLabel?`${r.name}, ${K[r.owner].name}, 병력 ${r.troops}${capital?`, 수도 Level ${cityLayout.state?.capitalLevel||r.capitalLevel||1}`:''}`:`${r.name}, ${K[r.owner].name}${capital?`, 수도 Level ${cityLayout.state?.capitalLevel||r.capitalLevel||1}`:''}`;
  let html=`<g class="territory map-marker minimal-label${visionClass} ${selectedHere?'chosen':''}${hasCityVisual?' has-city-visual':''}${islandCity?' is-island-city':''}${capitalTierClass}${m.compact?' is-compact':''}" data-id="${i}" data-visibility="VISIBLE" data-troop-intel="${showTroopLabel?'visible':'hidden'}" aria-label="${aria}" aria-pressed="${selectedHere}" pointer-events="none" transform="translate(${center[0].toFixed(3)} ${center[1].toFixed(3)})" data-center-x="${center[0].toFixed(3)}" data-center-y="${center[1].toFixed(3)}"><title>${showTroopLabel?r.name+' · '+r.troops+'명':r.name}</title><g class="territory-screen-space">`;

  if(m.compact){
   if(hasCityVisual)html+=cityUI.inlineImageMarkup(i,m,{compact:true});
   const hudY=territoryHudScreenOffsetY(i,m);
   if(showTroopLabel)html+=badge(i,hudY,true);
   // LOD: 줌 2.5 미만에서는 VISIBLE이어도 상세 자원 아이콘을 생성하지 않는다.
   if(!lowDetail&&m.resource){const base=hudY+14;html+=resourceLabels(r,m,base+m.resource+3);}
  }else{
   const placeNameStyle=territoryPlaceNameStyle(r.name,m.label),gap=m.resource+4;
   const groupY=offset[1]*.5;
   const cityMarkup=hasCityVisual?cityUI.inlineImageMarkup(i,m,{compact:false}):'';
   const cityToResource=Number.isFinite(Number(compositeGaps.cityToResource))?Number(compositeGaps.cityToResource):6;
   const contentBase=hasCityVisual?cityLayout.bottom+cityToResource:gap;
   const resourceY=contentBase;
   const hudY=territoryHudScreenOffsetY(i,m);
   const resourcesMarkup=!lowDetail?resourceLabels(r,m,resourceY):'';
   const passTerritory=window.SAMGUK_SHANHAIGUAN?.isPassTerritory?.(i);
   if(passTerritory){
    const pass=regions?.[i]||{};
    const labelOffsetY=Number.isFinite(Number(pass.labelOffsetY))?Number(pass.labelOffsetY):Number(window.SAMGUK_SHANHAIGUAN?.labelOffsetY)||-28;
    html+=`<g class="territory-composite-lift territory-composite-lift-pass" pointer-events="none"><g class="territory-label-stack territory-label-pass" pointer-events="none" transform="translate(${offset[0]*.5} ${groupY})"><text class="place-name place-name-pass" x="0" y="${labelOffsetY}" text-anchor="middle" dominant-baseline="middle" style="${placeNameStyle}">${r.name}</text>${showTroopLabel?badge(i,hudY,false):''}</g></g>`;
   }else{
    html+=`<g class="territory-composite-lift" pointer-events="none"><g class="territory-label-stack" pointer-events="none" transform="translate(${offset[0]*.5} ${groupY})">${cityMarkup}<text class="place-name" x="0" y="0" text-anchor="middle" dominant-baseline="middle" style="${placeNameStyle}">${r.name}</text>${resourcesMarkup}${showTroopLabel?badge(i,hudY,false):''}</g></g>`;
   }
  }
  return html+'</g></g>';
 }).join('')
}
window.territoryLabels=territoryLabels;
function refreshTerritoryLabels(){if(window.SAMGUK_MAP_UI_OVERLAY?.refresh)return window.SAMGUK_MAP_UI_OVERLAY.refresh({force:true});const layer=document.getElementById('territory-labels');if(layer&&regions.length)layer.innerHTML=territoryLabels()}
// v143: two water bodies were converted to land by EumnuMapDataV143.
// Remove only those exact filled subpaths from GEOGRAPHY.rivers; all other rivers/lakes remain untouched.
let EUMNU_GEOGRAPHY_RIVER_CACHE_V143=null;
function geographyRiversWithoutReclaimedWaterV143(){
 const raw=String(GEOGRAPHY?.rivers||'');
 const reclaim=window.SAMGUK_EUMNU_MAP_DATA_V143?.reclaimedWaterBodies||window.SAMGUK_EUMNU_MAP_DATA_V142?.reclaimedWaterBodies||[];
 const masks=reclaim.filter(x=>x?.removeFromGeographyRivers&&Array.isArray(x.bbox)&&x.bbox.length===4);
 if(!raw||!masks.length)return raw;
 if(EUMNU_GEOGRAPHY_RIVER_CACHE_V143?.raw===raw&&EUMNU_GEOGRAPHY_RIVER_CACHE_V143?.maskCount===masks.length)return EUMNU_GEOGRAPHY_RIVER_CACHE_V143.value;
 const segments=raw.match(/M[^M]*/g)||[];
 const eps=1.2;
 const kept=segments.filter(seg=>{
   const nums=(seg.match(/-?\d+(?:\.\d+)?/g)||[]).map(Number);
   if(nums.length<4)return true;
   let minX=Infinity,minY=Infinity,maxX=-Infinity,maxY=-Infinity;
   for(let i=0;i+1<nums.length;i+=2){const x=nums[i],y=nums[i+1];if(!Number.isFinite(x)||!Number.isFinite(y))continue;minX=Math.min(minX,x);minY=Math.min(minY,y);maxX=Math.max(maxX,x);maxY=Math.max(maxY,y)}
   return !masks.some(m=>{const [x0,y0,x1,y1]=m.bbox.map(Number);return minX>=x0-eps&&minY>=y0-eps&&maxX<=x1+eps&&maxY<=y1+eps});
 });
 const value=kept.join('');
 EUMNU_GEOGRAPHY_RIVER_CACHE_V143={raw,maskCount:masks.length,value};
 return value;
}

function mapInactiveWaterMasks(){const ids=WORLD.waterTerritoryIds||[];return ids.map(i=>{const t=WORLD.territories[i];return t?.path?`<path class="removed-territory-water" d="${t.path}" fill="#9ecbd0" stroke="#5f847b" stroke-width=".9" stroke-linejoin="round" vector-effect="non-scaling-stroke" pointer-events="none"/>`:''}).join('')}

// v139: guide-defined Dongjin river. The path is data-driven so geometry can live
// in DongjinMapDataV137.js / JSON instead of being hard-coded into the renderer.
function dongjinRiverMarkup(){
 const river=window.SAMGUK_DONGJIN_MAP_DATA_V140?.river||window.SAMGUK_DONGJIN_MAP_DATA_V139?.river||window.SAMGUK_DONGJIN_MAP_DATA_V137?.river;
 if(!river?.path)return'';
 const halo=river.halo||'#d7f0f3',stroke=river.stroke||'#3f9bc4';
 const haloWidth=Number(river.haloWidth)||7,strokeWidth=Number(river.strokeWidth)||3.6,opacity=Number(river.opacity)||.96;
 const riverId=String(river.id||'dongjin-boundary-river').replace(/[^a-zA-Z0-9_-]/g,'-');
 return `<g id="${riverId}" class="map-rivers dongjin-river" pointer-events="none" aria-hidden="true" clip-path="url(#river-land)"><path d="${river.path}" fill="none" stroke="${halo}" stroke-width="${haloWidth}" stroke-linecap="round" stroke-linejoin="round" opacity="${Math.min(1,opacity*.88)}" vector-effect="non-scaling-stroke"/><path d="${river.path}" fill="none" stroke="${stroke}" stroke-width="${strokeWidth}" stroke-linecap="round" stroke-linejoin="round" opacity="${opacity}" vector-effect="non-scaling-stroke"/></g>`;
}
window.dongjinRiverMarkup=dongjinRiverMarkup;


// Per-territory visual terrain textures. These are rendering-only overlays and never participate
// in hit testing, adjacency, ownership, combat, saves, or any other game rule.
// To add another territory later, add one entry keyed by its stable territory ID.
const TERRAIN_TEXTURE_DEFAULTS=Object.freeze({
 image:'mountain_terrain_texture.png',opacity:.42,inset:6,scale:1.10,offsetX:0,offsetY:0
});
const TERRAIN_TEXTURE_OVERRIDES={
 54:{scale:1.10},               // 대흥안령 산맥 남부 - 산맥 텍스처 + 산맥 병량 효과
 55:{},                         // 북연 내륙
 87:{},                         // 요서 남부
 53:{scale:1.08},               // 영주 북부
 24:{scale:1.06},               // 유연 서부
 75:{scale:1.10},               // 유연 서부 북부
 0:{scale:1.06},                // 국내성
 3:{scale:1.04,offsetY:-6},     // 동예
 64:{scale:1.06},               // 국내성 동부
 68:{inset:5,scale:1.18},       // 소백산 (좁은 영토라 약간 완화)
 67:{inset:5,scale:1.20},       // 관산성 (좁은 영토라 약간 완화)
 15:{inset:5,scale:1.18},       // 하슬라
 16:{inset:4,scale:1.24},       // 실직
 44:{scale:1.10},               // 왜 북부
 97:{inset:5,scale:1.20}        // 왜 북부 서부
};
// v90 산맥 컨텐츠의 단일 판정 기준. 화면의 산맥 텍스처와 병량 패널티가 같은 ID 집합을 공유한다.
const JAPAN_VISUAL_TEXTURE_OVERRIDES=Object.create(null);
for(let i=0;i<(WORLD.territories?.length||0);i++){
 const t=WORLD.territories[i];
 // v130: 일본 본토 텍스처는 JapanTerrainMaskCanvas의 비트맵 마스크가 담당한다.
 // Canvas 모듈이 비활성화된 환경에서만 기존 SVG <image> 오버레이를 fallback으로 사용한다.
 if(t&&String(t.name||'').startsWith('왜')&&!window.SAMGUK_JAPAN_MASK_CANVAS?.enabled){
  JAPAN_VISUAL_TEXTURE_OVERRIDES[i]={inset:5,scale:1.10,opacity:.40};
 }
}
function terrainTextureKeys(){return [...new Set([...Object.keys(TERRAIN_TEXTURE_OVERRIDES),...Object.keys(JAPAN_VISUAL_TEXTURE_OVERRIDES)])]}

const MOUNTAIN_TEXTURE_TERRITORY_IDS=Object.freeze(Object.keys(TERRAIN_TEXTURE_OVERRIDES).map(Number));
const MOUNTAIN_TEXTURE_TERRITORY_SET=new Set(MOUNTAIN_TEXTURE_TERRITORY_IDS);
function hasMountainTerrainTexture(i){return MOUNTAIN_TEXTURE_TERRITORY_SET.has(Number(i))}
window.SAMGUK_MOUNTAIN_TERRAIN=Object.freeze({
 ids:MOUNTAIN_TEXTURE_TERRITORY_IDS,
 foodMultiplier:.5,
 has:hasMountainTerrainTexture
});

// v106 STEPPE texture overlay. Keep its visual density synchronized with the
// existing mountain terrain: slim inset and a translucent texture overlay.
const STEPPE_INSET_PADDING=7;
const STEPPE_TEXTURE_OPACITY=.45;
const STEPPE_TEXTURE_PATH='assets/textures/steppe.png';
const STEPPE_TEXTURE_FALLBACK_IDS=Object.freeze([52,77,74,51]);
function steppeTextureTerritoryIds(){const ids=window.SAMGUK_STEPPE_TERRAIN?.ids;return Array.isArray(ids)&&ids.length?ids.map(Number):[...STEPPE_TEXTURE_FALLBACK_IDS]}
function steppeTexturePatternDef(){return `<pattern id="pattern-steppe" patternUnits="userSpaceOnUse" width="192" height="192"><image href="${STEPPE_TEXTURE_PATH}" x="0" y="0" width="192" height="192" preserveAspectRatio="xMidYMid slice"/></pattern>`}
function steppeTextureDefs(){
 const masks=steppeTextureTerritoryIds().map(i=>{const t=WORLD.territories?.[i],b=t?.path?territoryPathBounds(t.path):null;if(!t||!b)return'';const pad=STEPPE_INSET_PADDING+4,x=b.minX-pad,y=b.minY-pad,w=b.w+pad*2,h=b.h+pad*2;return `<mask id="mask-inset-${i}" maskUnits="userSpaceOnUse" maskContentUnits="userSpaceOnUse" x="${x}" y="${y}" width="${w}" height="${h}"><rect x="${x}" y="${y}" width="${w}" height="${h}" fill="#000"/><path d="${t.path}" fill="white"/><path d="${t.path}" fill="none" stroke="black" stroke-width="${STEPPE_INSET_PADDING*2}" stroke-linejoin="round" stroke-linecap="round"/></mask>`}).join('');
 return steppeTexturePatternDef()+masks;
}
function steppeTerrainTextureLayer(){
 const paths=steppeTextureTerritoryIds().map(i=>{if(!isActiveTerritory(i))return'';const t=WORLD.territories?.[i];if(!t?.path)return'';return `<path id="territory-texture-${i}" class="territory-terrain-texture territory-steppe-texture" data-terrain-texture-id="${i}" data-terrain-type="STEPPE" d="${t.path}" fill="url(#pattern-steppe)" mask="url(#mask-inset-${i})" opacity="${STEPPE_TEXTURE_OPACITY}" pointer-events="none"/>`}).join('');
 return paths?`<g id="territory-steppe-textures" pointer-events="none" aria-hidden="true">${paths}</g>`:'';
}
function ensureSteppePattern(svgMap){
 if(!svgMap)return null;let defs=svgMap.querySelector('defs');if(!defs){defs=document.createElementNS('http://www.w3.org/2000/svg','defs');svgMap.insertBefore(defs,svgMap.firstChild)}
 let pattern=defs.querySelector('#pattern-steppe');if(!pattern){pattern=document.createElementNS('http://www.w3.org/2000/svg','pattern');pattern.setAttribute('id','pattern-steppe');pattern.setAttribute('patternUnits','userSpaceOnUse');pattern.setAttribute('width','192');pattern.setAttribute('height','192');const image=document.createElementNS('http://www.w3.org/2000/svg','image');image.setAttribute('href',STEPPE_TEXTURE_PATH);image.setAttribute('x','0');image.setAttribute('y','0');image.setAttribute('width','192');image.setAttribute('height','192');image.setAttribute('preserveAspectRatio','xMidYMid slice');pattern.appendChild(image);defs.appendChild(pattern)}return defs;
}
function applySteppeTexture(svgMap,territoryId){
 const i=Number(territoryId),territory=WORLD.territories?.[i];if(!svgMap||!territory?.path||!steppeTextureTerritoryIds().includes(i))return false;
 const defs=ensureSteppePattern(svgMap),maskId=`mask-inset-${i}`,originalPathD=territory.pathD||territory.path;
 let mask=defs.querySelector(`#${maskId}`);if(!mask){mask=document.createElementNS('http://www.w3.org/2000/svg','mask');mask.setAttribute('id',maskId);mask.setAttribute('maskUnits','userSpaceOnUse');mask.setAttribute('maskContentUnits','userSpaceOnUse');const b=territoryPathBounds(originalPathD),pad=STEPPE_INSET_PADDING+4;if(b){mask.setAttribute('x',String(b.minX-pad));mask.setAttribute('y',String(b.minY-pad));mask.setAttribute('width',String(b.w+pad*2));mask.setAttribute('height',String(b.h+pad*2))}const fill=document.createElementNS('http://www.w3.org/2000/svg','path');fill.setAttribute('d',originalPathD);fill.setAttribute('fill','white');const inset=document.createElementNS('http://www.w3.org/2000/svg','path');inset.setAttribute('d',originalPathD);inset.setAttribute('fill','none');inset.setAttribute('stroke','black');inset.setAttribute('stroke-width',String(STEPPE_INSET_PADDING*2));inset.setAttribute('stroke-linejoin','round');inset.setAttribute('stroke-linecap','round');mask.append(fill,inset);defs.appendChild(mask)}
 const pathElem=svgMap.querySelector(`#territory-texture-${i}`);if(pathElem){pathElem.setAttribute('fill','url(#pattern-steppe)');pathElem.setAttribute('mask',`url(#${maskId})`);pathElem.setAttribute('opacity',String(STEPPE_TEXTURE_OPACITY));pathElem.style.pointerEvents='none';return true}return false;
}
function applyAllSteppeTextures(svgMap){let applied=0;for(const id of steppeTextureTerritoryIds())if(applySteppeTexture(svgMap,id))applied++;return applied}
window.applySteppeTexture=applySteppeTexture;
window.SAMGUK_STEPPE_TEXTURE=Object.freeze({version:106,path:STEPPE_TEXTURE_PATH,insetPadding:STEPPE_INSET_PADDING,opacity:STEPPE_TEXTURE_OPACITY,apply:applySteppeTexture,applyAll:applyAllSteppeTextures});
function terrainTextureConfig(i){const o=TERRAIN_TEXTURE_OVERRIDES[i]||JAPAN_VISUAL_TEXTURE_OVERRIDES[i];return o?{...TERRAIN_TEXTURE_DEFAULTS,...o}:null}
function territoryPathBounds(path){
 const nums=(path&&path.match(/-?\d+(?:\.\d+)?/g)||[]).map(Number);if(nums.length<2)return null;
 let minX=Infinity,minY=Infinity,maxX=-Infinity,maxY=-Infinity;
 for(let i=0;i+1<nums.length;i+=2){const x=nums[i],y=nums[i+1];if(x<minX)minX=x;if(x>maxX)maxX=x;if(y<minY)minY=y;if(y>maxY)maxY=y}
 return {minX,minY,maxX,maxY,w:maxX-minX,h:maxY-minY,cx:(minX+maxX)/2,cy:(minY+maxY)/2};
}
function terrainTextureDefs(){
 const mountainMasks=terrainTextureKeys().map(k=>{
  const i=+k,t=WORLD.territories[i],cfg=terrainTextureConfig(i),b=t?.path?territoryPathBounds(t.path):null;if(!t||!cfg||!b)return '';
  const pad=Math.max(4,cfg.inset+2),x=b.minX-pad,y=b.minY-pad,w=b.w+pad*2,h=b.h+pad*2,stroke=Math.max(0,cfg.inset*2);
  // White territory fill minus a black inward border produces an inset mask (~stroke/2 px).
  return `<mask id="terrain-texture-mask-${i}" maskUnits="userSpaceOnUse" maskContentUnits="userSpaceOnUse" x="${x}" y="${y}" width="${w}" height="${h}"><rect x="${x}" y="${y}" width="${w}" height="${h}" fill="#000"/><path d="${t.path}" fill="#fff" stroke="none"/><path d="${t.path}" fill="none" stroke="#000" stroke-width="${stroke}" stroke-linecap="round" stroke-linejoin="round"/></mask>`;
 }).join('');
 return mountainMasks+steppeTextureDefs();
}
function territoryTerrainTextureLayer(){
 const images=terrainTextureKeys().map(k=>{
  const i=+k;if(!isActiveTerritory(i))return '';const t=WORLD.territories[i],cfg=terrainTextureConfig(i),b=t?.path?territoryPathBounds(t.path):null;if(!b)return '';
  const w=b.w*cfg.scale,h=b.h*cfg.scale,x=b.cx-w/2+cfg.offsetX,y=b.cy-h/2+cfg.offsetY;
  return `<image class="territory-terrain-texture" data-terrain-texture-id="${i}" href="${cfg.image}" x="${x}" y="${y}" width="${w}" height="${h}" preserveAspectRatio="xMidYMid slice" opacity="${cfg.opacity}" mask="url(#terrain-texture-mask-${i})" pointer-events="none"/>`;
 }).join('');
 const mountain=images?`<g id="territory-terrain-textures" pointer-events="none" aria-hidden="true">${images}</g>`:'';
 return mountain+steppeTerrainTextureLayer();
}
const MAP_RENDER_STATE={initialized:false,owners:[],troops:[],city:[],selected:null,target:null,territoryNodes:new Map(),territoryPaths:new Map()};
const MAP_PERF=window.__perfDebug=window.__perfDebug||{fullMapDraws:0,diplomacyFrames:0,activeRaf:0};
function isPassTerritoryNode(i){return !!window.SAMGUK_SHANHAIGUAN?.isPassTerritory?.(i)}
function cityVisualSignature(i){const r=regions[i];if(!r)return '';const state=window.SAMGUK_CITY_TECH_TREE?.getTerritoryState?.(i);return `${r.cityType||'normal'}:${Number(r.cityLevel)||0}:${Number(r.capitalLevel)||0}:${state?.assetKey||''}:${state?.asset?.src||''}`}
function japanBorderCleanupConfigV134(){
 const explicit=window.SAMGUK_JAPAN_BORDER_CLEANUP_V134;
 if(explicit)return explicit;
 const data=window.SAMGUK_JAPAN_MAP_DATA_V134||window.SAMGUK_JAPAN_MAP_DATA_V132;
 const hints=data?.renderHints||{};
 return {version:134,suppressShapeStroke:hints.suppressShapeStroke||[],seamlessFillGroups:hints.seamlessFillGroups||[],artifactVerticalX:[969.5,1022.22],trueDividers:hints.trueDividers||[]};
}
function japanSeamlessGroupsV134(){const groups=japanBorderCleanupConfigV134()?.seamlessFillGroups||[];return Array.isArray(groups)?groups:[]}
function japanGroupInfoForTerritoryV134(i){
 const name=String(WORLD.territories?.[i]?.name||''),ids=new Map((WORLD.territories||[]).map((t,j)=>[String(t?.name||''),j]));
 for(const names of japanSeamlessGroupsV134()){
  if(!Array.isArray(names)||!names.includes(name))continue;
  const members=names.map(n=>ids.get(String(n))).filter(Number.isInteger);
  if(members.length!==names.length)return null;
  const owners=members.map(j=>regions?.[j]?.owner);
  const sameOwner=owners.length>0&&owners.every(o=>o===owners[0]);
  return {names,members,owner:owners[0],sameOwner};
 }
 return null;
}
function suppressJapanTerritoryShapeStrokeV134(i){
 const info=japanGroupInfoForTerritoryV134(i);if(info?.sameOwner)return true;
 return false;
}
function hideJapanTerritoryBaseFillV134(i){return !!japanGroupInfoForTerritoryV134(i)?.sameOwner}
function japanSeamlessFillMarkupV134(){
 let out='<g id="japan-v134-seamless-fill-layer" pointer-events="none">';
 const seen=new Set();
 for(const names of japanSeamlessGroupsV134()){
  if(!Array.isArray(names)||!names.length)continue;const key=names.join('|');if(seen.has(key))continue;seen.add(key);
  const ids=names.map(name=>(WORLD.territories||[]).findIndex(t=>String(t?.name||'')===String(name)));
  if(ids.some(i=>!Number.isInteger(i)||i<0||!isActiveTerritory(i)||!regions[i]))continue;
  const owner=regions[ids[0]].owner;if(!ids.every(i=>regions[i].owner===owner))continue;
  const d=ids.map(i=>String(WORLD.territories[i]?.path||'')).join('');if(!d)continue;
  out+=`<path class="japan-v134-seamless-owner-fill" data-japan-fill-group="${key}" d="${d}" fill="${K[owner].color}" fill-opacity="${referenceMode?0:.7}" stroke="none" fill-rule="nonzero"/>`;
 }
 return out+'</g>';
}
function japanV134AffectedIndices(){
 const ids=new Map((WORLD.territories||[]).map((t,i)=>[String(t?.name||''),i])),out=[];
 for(const names of japanSeamlessGroupsV134())for(const name of names){const i=ids.get(String(name));if(Number.isInteger(i)&&!out.includes(i))out.push(i)}
 return out;
}
function japanArtifactVerticalBorderV134(path,border){
 if(!path||!border)return false;
 const aName=String(WORLD.territories?.[border.a]?.name||''),bName=String(WORLD.territories?.[border.b]?.name||'');
 const relevant=new Set(['왜 북부 서부','왜 북부','왜 동북부','왜 극동부']);
 if(!relevant.has(aName)&&!relevant.has(bName))return false;
 const bounds=territoryPathBounds(path);if(!bounds)return false;
 if(bounds.h<18||bounds.w>5)return false;
 const cx=bounds.cx,seams=japanBorderCleanupConfigV134()?.artifactVerticalX||[969.5,1022.22];
 return seams.some(x=>Math.abs(cx-Number(x))<=2.5);
}
function japanTrueDividerMarkupV134(){
 const cfg=japanBorderCleanupConfigV134(),dividers=cfg?.trueDividers||[];if(!Array.isArray(dividers)||!dividers.length)return'';
 const ids=new Map((WORLD.territories||[]).map((t,i)=>[String(t?.name||''),i]));let out='';
 for(const divider of dividers){
  const pair=divider?.between||[],a=ids.get(String(pair[0]||'')),b=ids.get(String(pair[1]||'')),d=String(divider?.path||'');
  if(!d||!Number.isInteger(a)||!Number.isInteger(b)||!isActiveTerritory(a)||!isActiveTerritory(b)||!regions[a]||!regions[b])continue;
  if(regions[a].owner===regions[b].owner){out+=`<path class="province-border japan-v134-true-divider" data-japan-divider="${divider.id||''}" d="${d}" fill="none" stroke="#233542" stroke-width=".58" stroke-linecap="round" stroke-linejoin="round" vector-effect="non-scaling-stroke"/>`}
  else{out+=`<path class="national-border national-border-outer japan-v134-true-divider" data-japan-divider="${divider.id||''}" d="${d}" fill="none" stroke="#142936" stroke-width="2" stroke-linecap="round" stroke-linejoin="round" vector-effect="non-scaling-stroke"/><path class="national-border national-border-inner japan-v134-true-divider" data-japan-divider="${divider.id||''}" d="${d}" fill="none" stroke="#fff1c1" stroke-width=".72" stroke-linecap="round" stroke-linejoin="round" vector-effect="non-scaling-stroke"/>`}
 }
 return out;
}
function currentBorderZoom(){const z=window.SAMGUK_MAP_CAMERA_API?.getZoomLevel?.(mapView);return Number.isFinite(Number(z))?Number(z):1}
function borderRenderPath(index,border){return window.SAMGUK_BORDER_OPTIMIZER?.pathForBorder?.(index,border?.path,currentBorderZoom())||border?.path||''}
function buildBoundaryLayerMarkup(){let out='';const borders=WORLD.borders||[];
 for(let index=0;index<borders.length;index++){const border=borders[index];if(!isActiveTerritory(border.a)||!isActiveTerritory(border.b))continue;if(regions[border.a].owner===regions[border.b].owner){const d=borderRenderPath(index,border);if(japanArtifactVerticalBorderV134(d,border))continue;out+=`<path class="province-border" data-border-index="${index}" data-border-role="province" d="${d}" fill="none" stroke="#233542" stroke-width=".58" stroke-linejoin="round" vector-effect="non-scaling-stroke"/>`}}
 for(let index=0;index<borders.length;index++){const border=borders[index];if(!isActiveTerritory(border.a)||!isActiveTerritory(border.b))continue;if(regions[border.a].owner!==regions[border.b].owner){const d=borderRenderPath(index,border);if(japanArtifactVerticalBorderV134(d,border))continue;out+=`<path class="national-border national-border-outer" data-border-index="${index}" data-border-role="national-outer" d="${d}" fill="none" stroke="#142936" stroke-width="2" vector-effect="non-scaling-stroke"/><path class="national-border national-border-inner" data-border-index="${index}" data-border-role="national-inner" d="${d}" fill="none" stroke="#fff1c1" stroke-width=".72" vector-effect="non-scaling-stroke"/>`}}
 out+=japanTrueDividerMarkupV134();
 for(const i of [selected,target]){if(i!==null&&isActiveTerritory(i)&&regions[i]&&!isPassTerritoryNode(i)){const color=i===target?'#fff0a8':'#ffd84d';out+=`<path class="selection-border selection-border-shadow" data-selection-outline-shadow="${i}" d="${WORLD.territories[i].path}" fill="none" stroke="#2b2110" stroke-opacity=".72" stroke-width="5" stroke-linejoin="round" stroke-linecap="round" vector-effect="non-scaling-stroke"/><path class="selection-border" data-selection-outline="${i}" d="${WORLD.territories[i].path}" fill="none" stroke="${color}" stroke-width="3" stroke-linejoin="round" stroke-linecap="round" vector-effect="non-scaling-stroke"/>`}}
 return out;
}
function plannedRouteMarkup(){
 if(target===null||selected===null)return '';
 // v116: 메인 침략 모드에서는 새 침략 FX 레이어가 공격 경로를 전담한다.
 // 기존 planned-route의 노란 selected -> target 점선을 동시에 그리면
 // 빨간 공격선과 중복되므로 공격 모드에서만 완전히 숨긴다.
 // 지원군 이동(actionMode === 'support')은 이 조건에 걸리지 않아
 // 지원 영토 -> 공격 시작점 노란 이동선이 그대로 유지된다.
 let invasionState=null;
 try{invasionState=window.SAMGUK_LIGHTWEIGHT_INVASION?.getState?.()||null}catch(_e){}
 if(actionMode==='attack'&&invasionState?.active)return '';
 const r=routeData(selected,target),sea=typeof isSeaRoute==='function'&&isSeaRoute(selected,target);
 if(sea){
  // v65: 해상선은 명령 대상이 선택된 순간에만 나타난다. 상시 SeaNode/항로는 렌더링하지 않는다.
  if(typeof busy!=='undefined'&&busy)return '';
  return `<path class="planned-route sea-movement-guide" d="${routePath(r)}" fill="none" stroke="#f8fbff" stroke-width="1.4" opacity=".78" stroke-dasharray="6 7" stroke-linecap="round" vector-effect="non-scaling-stroke" marker-end="url(#route-arrow)"/>`;
 }
 return `<path class="planned-route" d="${routePath(r)}" fill="none" stroke="#ffe4a2" stroke-width="2.5" stroke-dasharray="6 5" vector-effect="non-scaling-stroke" marker-end="url(#route-arrow)"/>`;
}
function cacheTerritoryMapNodes(){MAP_RENDER_STATE.territoryNodes.clear();MAP_RENDER_STATE.territoryPaths.clear();document.querySelectorAll('#map .territory-shape[data-id]').forEach(el=>{const id=Number(el.dataset.id);if(!Number.isInteger(id))return;MAP_RENDER_STATE.territoryNodes.set(id,el);const path=el.querySelector(':scope > path');if(path)MAP_RENDER_STATE.territoryPaths.set(id,path)})}
function snapshotMapDynamicState(){MAP_RENDER_STATE.owners=regions.map((r,i)=>isActiveTerritory(i)?r.owner:null);MAP_RENDER_STATE.troops=regions.map((r,i)=>isActiveTerritory(i)?Number(r.troops)||0:null);MAP_RENDER_STATE.city=regions.map((r,i)=>isActiveTerritory(i)?cityVisualSignature(i):'');MAP_RENDER_STATE.selected=selected;MAP_RENDER_STATE.target=target;MAP_RENDER_STATE.initialized=true;cacheTerritoryMapNodes()}
function updateTerritoryShape(i){const r=regions[i],g=MAP_RENDER_STATE.territoryNodes.get(i),path=MAP_RENDER_STATE.territoryPaths.get(i);if(!r||!g||!path)return false;const isSel=selected===i,isTarget=target===i,isPass=isPassTerritoryNode(i),suppressStroke=suppressJapanTerritoryShapeStrokeV134(i),hideBaseFill=hideJapanTerritoryBaseFillV134(i);g.classList.toggle('is-selected',isSel);g.classList.toggle('is-target',isTarget);g.classList.toggle('pass-territory',isPass);if(isPass){path.setAttribute('fill','transparent');path.setAttribute('fill-opacity','0');path.setAttribute('stroke','none');path.setAttribute('stroke-width','0');path.setAttribute('pointer-events','none');return true}path.setAttribute('fill',hideBaseFill?'transparent':K[r.owner].color);path.setAttribute('fill-opacity',String(hideBaseFill?0:(referenceMode?0:isSel?.84:.7)));path.setAttribute('stroke',suppressStroke?'none':(isTarget?'#ffeeb0':isSel?'#ffe182':'#233542'));path.setAttribute('stroke-width',String(suppressStroke?0:(isSel||isTarget?3:.7)));path.setAttribute('pointer-events','all');return true}
function updateSeaRouteSelection(){const layer=document.getElementById('planned-route-layer');if(layer)layer.innerHTML=plannedRouteMarkup()}
function updateAtlasLabels(){const old=document.getElementById('atlas-labels');if(old)old.outerHTML=koreanAtlasLabels()}
function updateOverlaySelection(previousSelected){for(const id of new Set([previousSelected,selected].filter(Number.isInteger))){const el=document.querySelector(`#mapUiOverlay .minimal-label[data-id="${id}"]`);if(!el)continue;const chosen=selected===id;el.classList.toggle('chosen',chosen);el.setAttribute('aria-pressed',String(chosen))}}
function updateMapDynamicState({force=false}={}){
 const svg=document.getElementById('map');if(!svg)return false;if(!MAP_RENDER_STATE.initialized||!svg.querySelector('.territory-shape[data-id]')){drawMap('initial');return true}
 const changedOwners=[],changedTroops=[];let cityChanged=false;
 for(let i=0;i<regions.length;i++){if(!isActiveTerritory(i))continue;const r=regions[i],owner=r.owner,troops=Number(r.troops)||0,city=cityVisualSignature(i);if(force||MAP_RENDER_STATE.owners[i]!==owner)changedOwners.push(i);if(force||MAP_RENDER_STATE.troops[i]!==troops)changedTroops.push(i);if(force||MAP_RENDER_STATE.city[i]!==city)cityChanged=true}
 const previousSelected=MAP_RENDER_STATE.selected,selectionChanged=force||previousSelected!==selected||MAP_RENDER_STATE.target!==target,ownerChanged=changedOwners.length>0;
 const shapeIds=new Set(force?regions.map((_,i)=>isActiveTerritory(i)?i:null).filter(Number.isInteger):[...changedOwners,previousSelected,MAP_RENDER_STATE.target,selected,target].filter(Number.isInteger));if(ownerChanged)for(const i of japanV134AffectedIndices())shapeIds.add(i);for(const i of shapeIds)updateTerritoryShape(i);
 if(ownerChanged||selectionChanged){const boundary=document.getElementById('boundary-layer');if(boundary)boundary.innerHTML=buildBoundaryLayerMarkup();if(ownerChanged){const seamless=document.getElementById('japan-v134-seamless-fill-layer');if(seamless)seamless.outerHTML=japanSeamlessFillMarkupV134();updateAtlasLabels()}updateSeaRouteSelection()}
 const hud=window.SAMGUK_FACTION_TROOP_HUD;if(cityChanged||ownerChanged||!document.querySelector('#mapUiOverlay .minimal-label[data-id]')){window.SAMGUK_MAP_UI_OVERLAY?.refresh?.({force:true});requestAnimationFrame(()=>window.SAMGUK_CITY_SPRITES?.bindImageFallbacks?.())}else{for(const i of new Set([...changedOwners,...changedTroops]))hud?.updateTerritory?.(i,{forceCount:true});if(selectionChanged)updateOverlaySelection(previousSelected)}window.SAMGUK_FACTION_LABEL_SPRITE?.scheduleDraw?.('map-dirty');
 if(TW_DIPLOMACY_UI_STATE?.open&&typeof applyTotalWarDiplomacyMapFocus==='function')applyTotalWarDiplomacyMapFocus();
 MAP_RENDER_STATE.owners=regions.map((r,i)=>isActiveTerritory(i)?r.owner:null);MAP_RENDER_STATE.troops=regions.map((r,i)=>isActiveTerritory(i)?Number(r.troops)||0:null);MAP_RENDER_STATE.city=regions.map((r,i)=>isActiveTerritory(i)?cityVisualSignature(i):'');MAP_RENDER_STATE.selected=selected;MAP_RENDER_STATE.target=target;
 document.dispatchEvent(new CustomEvent('samguk:map-state-updated',{detail:{ownerChanged,selectionChanged,cityChanged,changedOwners:[...changedOwners],changedTroops:[...changedTroops]}}));return true;
}
window.updateMapDynamicState=updateMapDynamicState;
function drawMap(reason='full'){const svg=document.getElementById('map');window.SAMGUK_GPU_MAP_CAMERA?.init?.();applyView({rafSafe:true,refreshUI:false,sharp:true});
svg.classList.toggle('terrain-mode',referenceMode);svg.classList.toggle('specialty-mode',specialtyMode);document.body.classList.toggle('specialty-map-mode',specialtyMode);const refButton=document.getElementById('mapReference'),specialtyButton=document.getElementById('mapSpecialty');if(refButton){refButton.textContent=referenceMode?'지형 보기 ON':'지형 보기';refButton.setAttribute('aria-pressed',String(referenceMode))}if(specialtyButton){specialtyButton.textContent=specialtyMode?'특산품 ON':'특산품';specialtyButton.setAttribute('aria-pressed',String(specialtyMode))}
const atlasBounds=mapBounds()?.bounds?.()||{x:WORLD.minX||0,y:WORLD.minY||0,w:WORLD.width,h:WORLD.height};
let str=`<defs><clipPath id="image-bounds" clipPathUnits="userSpaceOnUse"><rect x="${atlasBounds.x}" y="${atlasBounds.y}" width="${atlasBounds.w}" height="${atlasBounds.h}"/></clipPath><clipPath id="river-land" clipPathUnits="userSpaceOnUse"><path d="${WORLD.landPath}"/></clipPath><marker id="route-arrow" markerWidth="9" markerHeight="9" refX="7" refY="4" orient="auto" markerUnits="strokeWidth"><path d="M0 0L8 4L0 8Z" fill="#f6d383"/></marker><filter id="landmark-white-outline" x="-35%" y="-35%" width="170%" height="170%" color-interpolation-filters="sRGB"><feMorphology in="SourceAlpha" operator="dilate" radius="0.55" result="expanded"/><feFlood flood-color="#fffdf4" result="white"/><feComposite in="white" in2="expanded" operator="in" result="whiteShape"/><feComposite in="whiteShape" in2="SourceAlpha" operator="out" result="outline"/><feMerge><feMergeNode in="outline"/><feMergeNode in="SourceGraphic"/></feMerge></filter>${terrainTextureDefs()}</defs><rect x="-2000" y="-2000" width="5000" height="5000" fill="#102632"/><g clip-path="url(#image-bounds)" aria-label="참고 지도의 해안선·강·산악 지형"><rect x="${atlasBounds.x}" y="${atlasBounds.y}" width="${atlasBounds.w}" height="${atlasBounds.h}" fill="#9ecbd0"/><path d="${WORLD.landPath}" fill="#9aad82" stroke="#5f847b" stroke-width=".8"/><path d="${GEOGRAPHY.highlands}" fill="#d6c691" opacity=".62"/></g>`;
str+='<g clip-path="url(#image-bounds)">';
str+=seaConnectionNetworkMarkup();
str+=japanSeamlessFillMarkupV134();
regions.forEach((r,i)=>{if(!isActiveTerritory(i))return;const isSel=selected===i,isTarget=target===i,isPass=isPassTerritoryNode(i),suppressStroke=suppressJapanTerritoryShapeStrokeV134(i),hideBaseFill=hideJapanTerritoryBaseFillV134(i),stroke=isTarget?'#ffeeb0':isSel?'#ffe182':'#233542',fill=(isPass||hideBaseFill)?'transparent':K[r.owner].color,fillOpacity=(isPass||hideBaseFill)?0:(referenceMode?0:isSel?.84:.7),strokeColor=(isPass||suppressStroke)?'none':stroke,strokeWidth=(isPass||suppressStroke)?0:(isSel||isTarget?3:.7),pathPointer=isPass?'none':'all';str+=`<g class="territory territory-shape ${isPass?'pass-territory':''} ${isSel?'is-selected':''} ${isTarget?'is-target':''}" data-id="${i}"><path d="${WORLD.territories[i].path}" fill="${fill}" fill-opacity="${fillOpacity}" stroke="${strokeColor}" stroke-width="${strokeWidth}" stroke-linejoin="round" vector-effect="non-scaling-stroke" pointer-events="${pathPointer}"/></g>`});
str+=territoryTerrainTextureLayer();
if(referenceMode)str+=`<g id="terrain-overlay" pointer-events="none" aria-hidden="true"><path d="${TERRAIN.grass}" fill="#50bb52" opacity=".27"/><path d="${TERRAIN.high}" fill="#dc735f" opacity=".35"/><path d="${TERRAIN.ridge}" fill="#fa2929" opacity=".9"/></g>`;str+=mountainRelief();str+=`<path id="river-layer" class="map-rivers" d="${geographyRiversWithoutReclaimedWaterV143()}${TERRAIN.river}" fill="#398fbf" opacity="${referenceMode?1:.88}" clip-path="url(#river-land)" pointer-events="none" aria-hidden="true"/>`;str+=dongjinRiverMarkup();str+=mapInactiveWaterMasks();if(!specialtyMode)str+=mapShanhaiguanPassAsset();str+=`<g id="boundary-layer" pointer-events="none">${buildBoundaryLayerMarkup()}</g>`;if(!specialtyMode){str+=mapGreatWallDefenseLine();str+=mapRiverNames();str+=koreanAtlasLabels()}
str+=`<g id="planned-route-layer">${specialtyMode?'':plannedRouteMarkup()}</g>`;if(!specialtyMode){str+=mapGreatWallLandmark();str+=mapLandmarks()}
str+='</g><g id="march-layer" aria-hidden="true" pointer-events="none"></g><g id="battle-layer" aria-hidden="true" pointer-events="none"></g>';svg.innerHTML=str;applyAllSteppeTextures(svg);window.SAMGUK_GPU_MAP_CAMERA?.setView?.(mapView,{immediate:true});window.SAMGUK_MAP_UI_OVERLAY?.refresh?.({force:true});snapshotMapDynamicState();MAP_PERF.fullMapDraws=(MAP_PERF.fullMapDraws||0)+1;MAP_PERF.lastFullMapReason=reason;document.dispatchEvent(new CustomEvent('samguk:map-rendered',{detail:{view:[...mapView],reason}}));}
window.drawMapFull=drawMap;

function flagMarkup(k,n,scale){
 const color=K[k].color,letter=K[k].symbol,hud=window.SAMGUK_FACTION_TROOP_HUD;
 const troopHud=n?(hud?.armyMarkup?.({faction:K[k],troops:n,x:0,y:21,scale:.88,unitId:`march-${k}`})||`<rect x="-19" y="10" width="38" height="20" rx="4" fill="#102936" stroke="#e3c484"/><text x="0" y="25" fill="#ffedbd" font-size="13" font-weight="bold" text-anchor="middle">${n}</text>`):'';
 return `<g class="march-standard" transform="scale(${scale})"><ellipse cx="0" cy="9" rx="13" ry="5" fill="#122b33" opacity=".3"/><path d="M-3 8V-44" stroke="#312c25" stroke-width="3"/><circle cx="-3" cy="-46" r="3" fill="#f9db8e"/><g class="flag-cloth"><path d="M-2-42L27-42L21-29L27-15L-2-15Z" fill="${color}" stroke="#ffe0a0" stroke-width="1.4"/><text x="10" y="-23" fill="#fff5da" font-size="17" text-anchor="middle" font-family="serif">${letter}</text></g>${troopHud}</g>`
}
function transportShipMarkup(k,n,scale){
 const color=K[k]?.color||'#d7b46a',hud=window.SAMGUK_FACTION_TROOP_HUD;
 const troopHud=n?(hud?.armyMarkup?.({faction:K[k],troops:n,x:0,y:22,scale:.82,unitId:`sea-march-${k}`})||`<rect x="-20" y="12" width="40" height="19" rx="4" fill="#102936" stroke="#e3c484"/><text x="0" y="26" fill="#ffedbd" font-size="12" font-weight="bold" text-anchor="middle">${n}</text>`):'';
 return `<g class="march-transport-ship" transform="scale(${scale})"><ellipse cx="0" cy="8" rx="19" ry="5" fill="#102a36" opacity=".28"/><image href="transport_ship.svg" x="-22" y="-22" width="44" height="34" preserveAspectRatio="xMidYMid meet"/><path d="M1-19V-31L13-27L1-23Z" fill="${color}" stroke="#fff2c8" stroke-width=".9"/>${troopHud}</g>`;
}
async function animateMarch(i,j,enemy=false){
 const forcedPath=typeof steppeForcedMarchPath==='function'?steppeForcedMarchPath(i,j):null,routeIds=forcedPath||[i,j],routes=[];
 for(let n=0;n<routeIds.length-1;n++)routes.push(routeData(routeIds[n],routeIds[n+1]));
 const r=routes[0]||routeData(i,j),lastRoute=routes[routes.length-1]||r,k=regions[i].owner,n=troopSend(i),isAttack=regions[j].owner!==k,sea=!forcedPath&&typeof isSeaRoute==='function'&&isSeaRoute(i,j),forced=!!forcedPath;
 const points=[r.a,...routes.map(x=>x.b)],pad=45;let [x,y,w,h]=mapView;
 if(!enemy&&points.some(p=>p[0]<x+pad||p[0]>x+w-pad||p[1]<y+pad||p[1]>y+h-pad)){
  const xs=points.map(p=>p[0]),ys=points.map(p=>p[1]),minX=Math.min(...xs),maxX=Math.max(...xs),minY=Math.min(...ys),maxY=Math.max(...ys),cx=(minX+maxX)/2,cy=(minY+maxY)/2,nw=Math.max(250,maxX-minX+150,(maxY-minY+150)*w/h),nh=nw*h/w;
  mapView=sanitizeMapView([cx-nw/2,cy-nh/2,nw,nh]);applyView({rafSafe:true,refreshUI:true,sharp:true});
 }
 const layer=document.getElementById('march-layer');if(!layer)return;
 const scale=markerScale()*1.1;
 let routeMarkup='';
 if(sea){routeMarkup=`<path class="march-route sea-movement-active" d="${routePath(r)}" fill="none" stroke="#f8fbff" stroke-width="1.6" opacity=".84" stroke-dasharray="7 7" stroke-linecap="round" marker-end="url(#route-arrow)" vector-effect="non-scaling-stroke"/>`}
 else{routeMarkup=routes.map((seg,idx)=>`<path d="${routePath(seg)}" fill="none" stroke="#20343c" stroke-width="6" opacity=".5" vector-effect="non-scaling-stroke"/><path class="march-route${forced?' steppe-forced-march-route':''}" d="${routePath(seg)}" fill="none" stroke="${forced?'#d9e997':'#ffe5a3'}" stroke-width="${forced?3:2.5}" stroke-dasharray="${forced?'5 4':'7 6'}" ${idx===routes.length-1?'marker-end="url(#route-arrow)"':''} vector-effect="non-scaling-stroke"/>`).join('')}
 const marker=(count,s)=>sea?transportShipMarkup(k,count,s):flagMarkup(k,count,s),end=lastRoute.b;
 layer.innerHTML=`${routeMarkup}<circle class="battle-target" cx="${end[0]}" cy="${end[1]}" r="${25*scale}" fill="none" stroke="${forced?'#e6f29a':'#ffdda0'}" stroke-width="2.5"/><g id="standard-2">${marker(0,scale*.8)}</g><g id="standard-1">${marker(0,scale*.9)}</g><g id="standard-0">${marker(n,scale)}</g>`;
 const via=forcedPath?` · ${regions[forcedPath[1]]?.name||'중간 영토'} 경유`:'';const label=`${K[k].name} · ${regions[i].name} → ${regions[j].name}${via} · ${n}명 ${sea?'해상 수송 ':forced?'초원 강행군 ':'지상 '}${isAttack?'공격':'이동'}`;{const hintEl=document.getElementById('hint');if(hintEl)hintEl.textContent=label;}
 const flags=[0,1,2].map(a=>document.getElementById('standard-'+a));const reduced=mapReduced(),duration=(reduced?150:enemy?550:forced?1650:1400)/aiPlaybackRate(regions[i].owner,regions[j].owner,enemy);
 function positionAt(progress){progress=Math.max(0,Math.min(1,progress));if(routes.length<=1)return routePosition(r,progress);const scaled=progress*routes.length,idx=Math.min(routes.length-1,Math.floor(Math.min(routes.length-.000001,scaled))),local=Math.max(0,Math.min(1,scaled-idx));return routePosition(routes[idx],local)}
 await new Promise(resolve=>{let startTime;function frame(now){if(startTime===undefined)startTime=now;const t=Math.min(1,(now-startTime)/duration);flags.forEach((f,a)=>{if(!f)return;const progress=reduced?1:Math.max(0,Math.min(1,t*1.3-a*.14)),p=positionAt(progress);f.setAttribute('transform',`translate(${p[0]} ${p[1]})`)});if(t<1)requestAnimationFrame(frame);else resolve()}requestAnimationFrame(frame)});layer.innerHTML='';
}
function battleOutcome(attacker,defender,won){const involved=attacker===player||defender===player;const victory=attacker===player?won:defender===player?!won:true;return {victory,title:involved?(attacker===player?(won?'승리 · 점령 성공':'패배 · 공격 실패'):(won?'패배 · 영토 상실':'승리 · 방어 성공')):`${K[won?attacker:defender].name} 승리`,color:involved?(victory?'#60e6a3':'#ff7880'):'#ffda87'}}
function triggerPlayerBattleResultFx(outcome,attacker,defender){
 const involved=attacker===player||defender===player;if(!involved||!outcome)return;
 const body=document.body,viewport=document.getElementById('mapViewport');
 body.classList.remove('battle-result-victory-rim','battle-result-defeat-rim');
 if(viewport)viewport.classList.remove('battle-result-screen-shake');
 void body.offsetWidth;
 if(outcome.victory){
  body.classList.add('battle-result-victory-rim');
  setTimeout(()=>body.classList.remove('battle-result-victory-rim'),560);
 }else{
  body.classList.add('battle-result-defeat-rim');
  if(viewport){void viewport.offsetWidth;viewport.classList.add('battle-result-screen-shake');setTimeout(()=>viewport.classList.remove('battle-result-screen-shake'),280)}
  setTimeout(()=>body.classList.remove('battle-result-defeat-rim'),620);
 }
}
async function showBattleResult(i,attacker,defender,won,enemy=false){const outcome=battleOutcome(attacker,defender,won),s=seeds[i],scale=markerScale()*1.25;triggerPlayerBattleResultFx(outcome,attacker,defender);const layer=document.getElementById('battle-layer');if(!layer)return;const icon=outcome.victory?'<path d="M-13-1L-3 10L16-12" fill="none" stroke="currentColor" stroke-width="5" stroke-linecap="round" stroke-linejoin="round"/>':'<path d="M-11-11L11 11M11-11L-11 11" fill="none" stroke="currentColor" stroke-width="5" stroke-linecap="round"/>';
layer.innerHTML=`<g transform="translate(${s[1]} ${s[2]}) scale(${scale})"><g id="battle-float" class="battle-popup" style="color:${outcome.color}"><circle r="28" fill="#112b37" stroke="${outcome.color}" stroke-width="3"/>${icon}<rect x="-88" y="33" width="176" height="49" rx="6" fill="#102734" stroke="${outcome.color}" stroke-width="1.5"/><text y="54" fill="${outcome.color}" font-size="17" font-weight="700" text-anchor="middle">${outcome.title}</text><text y="72" fill="#ecede3" font-size="12" text-anchor="middle">${regions[i].name} · ${K[attacker].name}의 공격</text></g></g>`;
const description=`${regions[i].name}: ${outcome.title}`;document.getElementById('battleAnnounce').textContent=description;{const hintEl=document.getElementById('hint');if(hintEl)hintEl.textContent=description;}const group=document.getElementById('battle-float'),reduced=mapReduced(),duration=(reduced?400:enemy?750:1350)/aiPlaybackRate(attacker,defender,enemy);
await new Promise(resolve=>{let started;function frame(now){if(started===undefined)started=now;const t=Math.min(1,(now-started)/duration);group.setAttribute('transform',`translate(0 ${reduced?-42:-15-65*t})`);group.setAttribute('opacity',reduced||t<.72?'1':String(Math.max(0,(1-t)/.28)));if(t<1)requestAnimationFrame(frame);else resolve()}requestAnimationFrame(frame)});layer.innerHTML='';}

// Fixed labels placed beside existing river courses. v140 also injects the custom Dongjin Yangtze label from the external Dongjin map data.
const RIVER_NAMES=[['송화강',535,327,-8],['우수리강',758,264,68],['두만강',684,385,-20],['요하강',297,449,-50],['압록강',471,507,-37],['대동강',476,670,-26],['한강',548,800,12],['금강',566,873,17],['낙동강',651,889,74],['난하',14,621,64],['황하',-60,804,-49],['회수',26,1060,-27]];
function customRiverNameEntries(){const river=window.SAMGUK_DONGJIN_MAP_DATA_V140?.river||window.SAMGUK_DONGJIN_MAP_DATA_V139?.river||window.SAMGUK_DONGJIN_MAP_DATA_V137?.river;if(!river?.label)return[];const x=Number(river.label.x),y=Number(river.label.y),angle=Number.isFinite(Number(river.label.angle))?Number(river.label.angle):0,text=String(river.label.text||river.name||'').trim();if(!text||!Number.isFinite(x)||!Number.isFinite(y))return[];return[[text,x,y,angle]]}
function mapRiverNames(){const names=[...RIVER_NAMES,...customRiverNameEntries()];return '<g class="river-names" pointer-events="none" aria-hidden="true">'+names.map(([name,x,y,angle])=>`<text x="${x}" y="${y}" transform="rotate(${angle} ${x} ${y})" text-anchor="middle" fill="#15516b" stroke="#d1e5d5" stroke-width="2.2" paint-order="stroke" font-size="11" font-weight="600">${name}</text>`).join('')+'</g>'}

// Great Wall remains one logical facility. The defense line is rendered directly on the
// existing WORLD.borders shared-border geometry for the six designated territory pairs.
// It is visual-only (pointer-events:none); the small landmark remains the sole clickable UI target.
const GREAT_WALL_BORDER_PAIRS=[
 [88,38], // 북연 중부 ↔ 요서 동부
 [88,37], // 북연 중부 ↔ 요서 서부
 [56,37], // 북연 남부 ↔ 요서 서부
 [56,55], // 북연 남부 ↔ 북연 내륙
 [56,87], // 북연 남부 ↔ 요서 남부
 [57,87]  // 기주 ↔ 요서 남부
];
const GREAT_WALL_LANDMARK={src:'greatwall_landmark.png',x:-88,y:593,w:32,h:32,label:'만리장성',labelDy:23,fontSize:7.2};
function greatWallSharedBorders(){
 const borders=WORLD.borders||[];
 return GREAT_WALL_BORDER_PAIRS.map(([a,b])=>{
  const index=borders.findIndex(x=>(x.a===a&&x.b===b)||(x.a===b&&x.b===a));
  if(index<0)return null;
  const border=borders[index];
  return {index,border,path:borderRenderPath(index,border)};
 }).filter(Boolean);
}
function greatWallSharedBorderPaths(){return greatWallSharedBorders().map(x=>x.path)}
// National-border-weight dark outline + brown inner line, both sitting on the exact shared border.
function mapGreatWallDefenseLine(){const entries=greatWallSharedBorders();return `<g id="great-wall-defense-line" class="great-wall-defense-line" pointer-events="none" aria-hidden="true">
 ${entries.map(({index,path})=>`<path class="great-wall-border-outer" data-border-index="${index}" d="${path}" fill="none" stroke="#142936" stroke-width="2.2" stroke-linecap="round" stroke-linejoin="round" vector-effect="non-scaling-stroke" pointer-events="none"/>`).join('')}
 ${entries.map(({index,path})=>`<path class="great-wall-border-inner" data-border-index="${index}" d="${path}" fill="none" stroke="#a45f3f" stroke-width="1.15" stroke-linecap="round" stroke-linejoin="round" vector-effect="non-scaling-stroke" pointer-events="none"/>`).join('')}
 </g>`}
function mapGreatWallLandmark(){const o=GREAT_WALL_LANDMARK;return `<g id="great-wall-landmark" class="map-landmark great-wall-landmark">
 <image data-great-wall="1" aria-label="만리장성 증축 및 방어선 정보" href="${o.src}" x="${o.x-o.w/2}" y="${o.y-o.h/2}" width="${o.w}" height="${o.h}" preserveAspectRatio="xMidYMid meet" pointer-events="all" filter="url(#landmark-white-outline)" style="cursor:pointer;outline:none"/>
 <text x="${o.x}" y="${o.y+o.labelDy}" text-anchor="middle" fill="#d6b66d" stroke="#382b1b" stroke-width="1.15" paint-order="stroke fill" font-size="${o.fontSize}" font-weight="800" font-family="sans-serif" pointer-events="none">${o.label}</text>
 </g>`}

// Decorative mountain landmarks. They are clickable event points; game rules live in game.js.
const MAP_LANDMARKS=[
 {id:"geumgangsan",src:"geumgangsan.png",x:587,y:657,w:32,h:32,opacity:.96,label:"금강산",labelDy:23,fontSize:7.2,outline:true},
 {id:"baekdusan",src:"baekdusan.png",x:602,y:415,w:32,h:32,opacity:.96,label:"백두산",labelDy:23,fontSize:7.2,outline:true},
 {id:"taesan",src:"taesan.png",x:-87,y:887,w:32,h:32,opacity:.97,label:"태산",labelDy:23,fontSize:7.2,outline:true}
];
function mapLandmarks(){
 return '<g id="map-landmarks">'+
  MAP_LANDMARKS.map(o=>`<g class="map-landmark" data-landmark="${o.id}" role="button" tabindex="0" aria-label="${o.label} 명산 이벤트" style="cursor:pointer">
   <image href="${o.src}" x="${o.x-o.w/2}" y="${o.y-o.h/2}" width="${o.w}" height="${o.h}" opacity="${o.opacity}" preserveAspectRatio="xMidYMid meet" pointer-events="all"${o.outline?' filter="url(#landmark-white-outline)"':''}/>
   <text x="${o.x}" y="${o.y+(o.labelDy||0)}" text-anchor="middle" fill="#2f8a48" stroke="#f4f1d2" stroke-width="1.25" stroke-opacity=".96" paint-order="stroke fill" font-size="${o.fontSize||7}" font-weight="800" font-family="sans-serif" pointer-events="none">${o.label||""}</text>
  </g>`).join('')+
 '</g>';
}


function mapShanhaiguanPassAsset(){
 const pass=window.SAMGUK_SHANHAIGUAN;if(!pass||!WORLD.territories?.[pass.id])return '';
 const m=labelMetrics();if(!m.showCapital)return '';
 const t=WORLD.territories[pass.id],size=Math.max(20,Number(window.SAMGUK_TERRITORY_CITY_UI?.config?.standardSizePx)||Number(window.SAMGUK_MAP_ZOOM_CONFIG?.cityIconBaseSize)||40);
 const x=Number(t.x)||0,y=Number(t.y)||0;
 const left=x-size/2,top=y-size/2,badgePad=14;
 return `<g id="shanhaiguan-pass-asset" class="map-pass-asset" data-id="${pass.id}" data-pass-node="1" role="button" tabindex="0" aria-label="산해관 특수 관문 영토" style="cursor:pointer"><rect class="shanhaiguan-hitbox" x="${(left-2).toFixed(2)}" y="${(top-2).toFixed(2)}" width="${(size+4).toFixed(2)}" height="${(size+badgePad).toFixed(2)}" rx="6" pointer-events="all"/><image class="shanhaiguan-pass-image" href="${pass.asset}" x="${left.toFixed(2)}" y="${top.toFixed(2)}" width="${size}" height="${size}" preserveAspectRatio="xMidYMid meet" pointer-events="none"/><title>산해관 · 관문 방어 +30% · 건설 불가</title></g>`;
}

function mountainRelief(){return `<g class="ridge-relief" id="mountain-layer" pointer-events="none" aria-hidden="true" clip-path="url(#river-land)"><path d="${TERRAIN.ridge}" fill="#8a7251" opacity=".56" stroke="#d3bd89" stroke-width="1.1" stroke-linejoin="round"/></g>`}

function aiPlaybackRate(a,b,enemy){return enemy&&a!==player&&b!==player?2:1}

### FILE: TEST_RESULTS_v143.txt

[TEST RESULTS v143]
PASS - EumnuMapDataV143.json parse
PASS - MapExpansionV125.js syntax
PASS - map.js syntax
PASS - 숙신 고토 polygon valid
PASS - 연해주 북부 polygon valid
PASS - 숙신 고토 ↔ 연해주 북부 overlap area = 0
PASS - 좌측 호수 original geometry fully assigned to 숙신 고토
PASS - 상단 수로 original geometry fully assigned to 숙신 고토/연해주 북부
PASS - reclaimed channel has no unassigned area
PASS - base GEOGRAPHY.rivers filter removes exactly source subpaths #21 and #54
PASS - territory hit-test remains path-based and uses rebuilt v143 coordinates
